九安医疗:股票交易异常波动的公告,03-15
交易异动！九安医疗：近3个交易日上涨13.65% 无未披露的重大信息,03-15
九安医疗(002432)龙虎榜数据(03-15),03-15
$九安医疗(SZ002432)$时价参数按上市（12年，48季，142月），按后,03-15
3月15日午评,03-15
告诉大家一个很不好的消息，我在63.3的价位，按照我的承诺进来了。其实这个点位进,03-15
19.十万元实盘记录，第第十九天。（泻立停）,03-15
阿狸复盘3.13（把新冠药看做新能源车）,03-15
财经自媒体人,03-15
前段时间！三羊马的榜里就是今天九安的榜！家人们都在！三羊马没几天从100来到50,03-15
家人们又回来了,03-15
明天要做的事情,03-15
2022年3月15日晚间消息解读及公告汇总！,03-15
【侠哥复盘】   疫情下的新冠药机会,03-15
网名妖门小妹职业空狗五毛党已举报.今天大盘股灾九安还能红不错了，这些个叫跌停的安,03-15
今日，股市全面大跌，刚刚两大风险疯狂来袭！！,03-15
$九安医疗(SZ002432)$我今天参加了柯顿面试，做九安的期间，也同时做九安,03-15
新冠医废处理项目300929,03-15
$九安医疗(SZ002432)$说说一季度的净利润有多少？保守和期望？,03-15
我是天津人，告诉大家一个好消息，九安测试盒已经在天津各药店销售了！,03-15
$九安医疗(SZ002432)$很多人特别喜欢研究龙虎榜，根据龙虎榜来决定自己的,03-15
这几天实质性的利好没出来之前估计不会有大的涨跌幅，柚子机构感觉都在盘中做T，技术,03-15
全市200个红的，4400多个绿的，九安强不强，想知道为什么强吗？晚上见[鼓掌],03-15
$九安医疗(SZ002432)$https://mguba.eastmoney.,03-15
在恐惧中贪婪,03-15
$九安医疗(SZ002432)$当美丽国的人知道在咱们这里销售才9块多人民币的时,03-15
两个不同的新闻体现道路的曲折性,03-15
三日榜怎么看不出来什么？源深路周五进的这周都跑了，全剩下拉萨天团在玩，还剩下个大,03-15
$九安医疗(SZ002432)$我看好长期到100,03-15
这行情，真的无语，4200家下跌,03-15
$九安医疗(SZ002432)$大家好，我是牛哥，我来给你们分析一下九安医疗接下,03-15
恭喜大家，你们要发财了，前方股友传来喜讯柯顿招工面试现场人满为患，排了上百米队人,03-15
九安6亿订单已入，手慢拍大腿,03-15
热烈祝贺热景入围笫二批国内居家自检抗原试剂获批公司。同时获批进入新加坡销售,03-15
炒股那些事儿,03-15
$国邦医药(SH605507)$国邦医药（硼氢化钠是SM1合成还原的优先试剂，国,03-15
$九安医疗(SZ002432)$去万孚看看招标价格计算一下九安在老美的利润；感觉,03-15
大盘好，九安就跌，明天悬了。信不信盘中看,03-15
$九安医疗(SZ002432)$全国各地政府都在集采招标。这么好的市场下九安还没,03-15
$九安医疗(SZ002432)$咨询一下各位兄弟姐妹，现在东方财富融资利率是多少,03-15
转发,03-15
$九安医疗(SZ002432)$广东省药品交易中心：《新型冠状病毒(2019-n,03-15
2022年3月15日热点涨停梳理！,03-15
$九安医疗(SZ002432)$看来九安医疗的行情来了，最近疫情爆发，新冠检测盒,03-15
$九安医疗(SZ002432)$有没有天津的兄弟啊，看看九安有没有上架啊。,03-15
看了新闻的，就知道明天会绿。是整个板块。,03-15
提示一下：我又来了，平开或者负1-3个点都是跑路做t机会，高开清仓等水下机会，怎,03-15
九安明天挑战66，不会涨停，天天涨，涨不停！,03-15
今天的盘面上其实是存在机会的。1、情绪博弈：昨日高开低走的新冠检测、药之类的，今,03-15
买九安就是买业绩，心安，即使亏20，30点也不用太担心，知道很快又会q上来，不像,03-15
今天还能红2.8，说明天跌停的脑子？,03-15
小心补跌,03-15
九安股民牛掰,03-15
这个三天榜充分证明了，我大拉萨才是主力。游资都是点火的小跟班[捂脸]，假机构都吓,03-15
主力意图明显，马上要启动下一步动作了,03-15
[赚钱]散户必胜[佛系炒股],03-15
$九安医疗(SZ002432)$上证得不得跌倒95.79哦。纯属娱乐,03-15
$九安医疗(SZ002432)$进口试剂生产企业在中国境内的医疗器械经营企业国内,03-15
大盘底部在哪 ？,03-15
转发,03-15
九安医疗，注意晚上消息，要开涨了。,03-15
$九安医疗(SZ002432)$九安抗住这波股灾必定一飞冲天，逆市上涨，每个九安,03-15
九安出了公告必定涨停[大笑],03-15
还有多少坚守九安大帝的？,03-15
亚马逊最新评论数，以后我每天晚上都会更新。,03-15
国家药监局：加快推动新冠病毒治疗药物、新冠病毒抗原检测试剂个人自测产品审批上市。,03-15
什么时间交完货,03-15
请问董秘，在美国政府大单之前的二个州的订单，应该早就己经履约结束，怎么不见通报？,03-15
午后A股出现全面大跌，而大跌的主要原因一方面是午后北向资金疯狂出逃，目前流出近百,03-15
$九安医疗(SZ002432)$$东方生物(SH688298)$现在批的抗原检测,03-15
$九安医疗(SZ002432)$今日七点三十出公告，本尊说的,03-15
$九安医疗(SZ002432)$做个调查报告：国内自检和你会买吗？为啥买,03-15
$九安医疗(SZ002432)$明天大概率低开高开的话拉萨踩踏抛出,03-15
$东方生物(SH688298)$$九安医疗(SZ002432)$现在批的抗原检测,03-15
国家药监局：加快推动新冠病毒治疗药物、新冠病毒抗原检测试剂个人自测产品审批上市！,03-15
拉萨比华鑫上海砸盘王强，起码会见势拉涨，盘中会高抛低吸，这是我在九安三个月来的见,03-15
九安2千万东方生物5千万产能每天,03-15
$九安医疗(SZ002432)$九安基本涨到头了,03-15
今年的大牛股，大家都拿好了破100没问题！,03-15
$九安医疗(SZ002432)$不是我泼冷水，下周最多两个涨停，75元是强压力位,03-15
$九安医疗(SZ002432)$后悔今天下午下车了，感觉明天要涨停[哭][哭],03-15
$九安医疗(SZ002432)$亚马逊评论多少做个图标,03-15
"跟着伏狙,都是盘中提示买点，一周在四十，还有复盘，真的好准",03-15
$九安医疗(SZ002432)$带量集采，利空吧？,03-15
$九安医疗(SZ002432)$2b游资，明明可以上演游资抱团股行情，非得砸死总,03-15
股指大跌，九安仍强势红盘。外面都是腥风血雨，九安却稳如泰山，有什么理由不继续留在,03-15
$九安医疗(SZ002432)$我今天参加了柯顿面试，做九安的期间，也同时做九安,03-15
明天要做的事情,03-15
2022年3月15日晚间消息解读及公告汇总！,03-15
九安集采，美国价格是35元咋办,03-15
九安一季度利润至少60亿,03-15
三天接近200亿的成交额，你给我看这个，革命队伍中混进了老鼠？,03-15
热烈祝贺热景入围笫二批国内居家自检抗原试剂获批公司。同时获批进入新加坡销售,03-15
炒股那些事儿,03-15
你国内还没通过审批？那以后都赶不上热乎的，人家都那么便宜打价格战了，你TM还,03-15
$九安医疗(SZ002432)$全国各地政府都在集采招标。这么好的市场下九安还没,03-15
我是天津，告诉大家一个好消息九安测试盒前两天已经在天津各药店销售了！,03-15
九安测试盒已经在国内上市了，前两天已经在天津各药店销售了。,03-15
九安医疗看完晚上消息，明天吃肉！,03-15
国家药监局：加快推动新冠病毒治疗药物、新冠病毒抗原检测试剂个人自测产品审批上市！,03-15
拉萨比华鑫上海砸盘王强，起码会见势拉涨，盘中会高抛低吸，这是我在九安三个月来的见,03-15
九安2千万东方生物5千万产能每天,03-15
$九安医疗(SZ002432)$后悔今天下午下车了，感觉明天要涨停[哭][哭],03-15
给你们打打气吧！今晚没有什么利好公告，很多人看空，认为明天会补跌。1，这几日利用,03-15
爹来了,03-15
$九安医疗(SZ002432)$成功跑赢大盘,03-15
今天不说引力传媒了,03-15
转发,03-15
热景生物非常抗跌，今日上涨！吉林省开展前五天每天进行一次抗原，热景成为最大自测供,03-15
转发,03-15
$九安医疗(SZ002432)$大盘如此狂跌，小心补跌，还是出来看看再说吧！,03-15
$九安医疗(SZ002432)$拉萨一帮出现.后面后果很严重[大笑],03-15
这是不是利好，值几个板,03-15
$九安医疗(SZ002432)$今天大单入，明天又是大单出拉高低落，还好大单资金,03-15
$九安医疗(SZ002432)$牛逼，涨停了，神奇的八点半。,03-15
$九安医疗(SZ002432)$一日游的原因,03-15
$九安医疗(SZ002432)$时价参数按上市（12年，48季，142月），按后,03-15
天津黄牛买断九安试剂盒了,03-15
抗原产品被全球列入日常用品来抗疫，所有股票都得翻倍！,03-15
没公告又凉了,03-15
$九安医疗(SZ002432)$今天在九安医疗的走势上看到了民族的精神@团结 ,03-15
本轮完美从3700看空至3200点   每晚复盘提前分析走势,03-15
$九安医疗(SZ002432)$先挂了跌停卖单了，但愿能卖得出去，九安国内基本上,03-15
明天直接一字跌停！前段时间三羊马就是这样的榜！哈哈！,03-15
水哥妖股早盘策略：四大指数破位加速下跌，部分中概股跌去9成，市场跌声一片，然而产,03-15
$九安医疗(SZ002432)$没睡的来点个。说下自己成本价。[大笑][大笑]我,03-15
九安今天如此强势，明天必然高开高走涨停，今天没上车的，估计要拍断大腿了，点赞是对,03-15
$九安医疗(SZ002432)$扛大旗,03-15
第二批获批的，竟然没有宇宙最强的九安………,03-15
$九安医疗(SZ002432)$大盘二次探底，可能还有底，管住手，别抄，深不见底,03-15
都醒醒吧现在很多大咖都看3千以下了，别听他们忽悠了。,03-15
$九安医疗(SZ002432)$九安在第一个合同完成交付后，回款会按照合同约定执,03-15
盘强势个股梳理,03-15
现在是大盘股跌，指数跟著下跌；后期经过一波反弹后开始小盘股杀跌，但指数不跌；最后,03-15
旗手一个真正的旗手，是与追随者们相辅相成的！行不改性，坐不改名。首先旗手自身必须,03-15
$九安医疗(SZ002432)$拿好自己筹码，小散们，我还有30手[呲牙],03-15
$九安医疗(SZ002432)$隔夜挂单时间是22.00到22.30吗？,03-15
今天A股应该会报复性反弹，九安医疗涨停可能性极大，祝在里面的老铁好运吧,03-15
明天涨停,03-15
九安医疗，晚上必须要注意的消息，明天要吃肉！,03-15
才9.8每人份。按九安的价格，每人份在国外折合人民币得50左右吧？,03-15
国家药监局：加快推动新冠病毒治疗药物、抗原检测试剂个人自测产品审批上市,03-15
$九安医疗(SZ002432)$国家卫健委：一般人群不要随意做抗原检测！千万城市,03-15
天津市医药采购中心就发出通知，称要“开展新型冠状病毒抗原检测试剂产品信息集中维护,03-15
$九安医疗(SZ002432)$每天起床第一件事就是看看美丽国的订单到底有了没有,03-15
$九安医疗(SZ002432)$今天九安和兰州应该是全赌对了[呲牙][呲牙],03-15
股民必看,03-15
这几天打算死守了，一季度预报很多公司都公告了，九安也快了，中标结果，回款，国内认,03-15
$九安医疗(SZ002432)$九安领导人的是人才啊75元被别人造谣到45元，没,03-15
九安医疗放量大涨，接下来该怎么办？？？,03-15
继续看空！A股的这些利空因子还在,03-15
知名财经自媒体,03-15
拉萨一到，生死难料,03-15
3月15日午评,03-15
$九安医疗(SZ002432)$跌停,03-15
抄底机会马上就到！,03-15
$九安医疗(SZ002432)$名单五家里没有九安医疗，周五跟风涨停就是高潮啦，,03-15
$九安医疗(SZ002432)$看图说话，楔形调整即将结束，关键看明天能不能突破,03-15
前段时间！三羊马的榜里就是今天九安的榜！家人们都在！三羊马没几天从100来到50,03-15
30w打板的106天(中午),03-15
$九安医疗(SZ002432)$今日肯定跌停了，不用想了,03-15
资源:时间，金钱，社会运行效率。不可控。它不是我的！而是它的！,03-15
天津柯顿15号突然大力招人，人员不限，工资日结，懂的兄弟们自然懂，无需多说。,03-15
$九安医疗(SZ002432)$去年79入的，顶不住了兄弟，先回撤一波,03-15
$九安医疗(SZ002432)$天天发异常有本事你就核跌停，看看谁怕谁主力加机构,03-15
$九安医疗(SZ002432)$我总结了下，如果想要股票不跌需要满足三点，具体是,03-15
正式回九安医疗过新年！,03-15
转发,03-15
小朋友出现了，九安也就完蛋了。小朋友每次出现，都如此,03-15
分析九安试剂盒申请与定价关系,03-15
$九安医疗(SZ002432)$呆了几个星期了散户越来越少了,03-15
$九安医疗(SZ002432)$九安没申请国内吗，要是国内也获批的话绝对冲过88,03-15
$九安医疗(SZ002432)$国家卫健委：一般人群不要随意做抗原检测今天（3月,03-15
九安的要重新估值！抗原成为日用品后！,03-15
$九安医疗(SZ002432)$现在大盘不好，散户团结起来，明天一样能在风暴中生,03-15
不要点进来[再见][再见],03-15
又是异动加三日榜和昨天的复星一模一样。。。。,03-15
告诉大家一个很不好的消息，我在63.3的价位，按照我的承诺进来了。其实这个点位进,03-15
集采10元，一天两千万产能一天就一亿净利润,03-15
暴跌下的A股究竟是机会还是风险？,03-15
此股只值5元,03-15
九安医疗难以再涨！,03-15
我已挂跌停，明天放我出去，我想问下大家我挂跌停了明天如果涨停是不是按涨停价卖的？,03-15
不错,03-15
$九安医疗(SZ002432)$九安我的吉祥股，躲过了外面的狂风暴雨，一直看好你,03-15
早盘，主力又故伎重演，50万以上砸出8千万，赤果果套死你的架势。这种威胁早就领教,03-15
$九安医疗(SZ002432)$怎么讲[想一下],03-15
股神巴菲特买中石油大赚的故事，在投资界几乎家喻户晓，同样，中国股民买中石油被套的故事，也常常被人拿出来调侃。,03-15
啊哈？CDE审核送上去了，审核条件九安应该都没问题吧，怎么还没出结果哦[为什么],03-15
我觉得突破88.88没问题，看看能不能预言成功了，刚和一个波士顿和一个旧金山的留,03-15
$九安医疗(SZ002432)$晚上来了一份久违的妖股通行证，助九安再度走妖！,03-15
转发,03-15
抗原检测核心材料――重组蛋白，九安医疗是国内为数不多的龙头企业，北化股份是NC膜,03-15
也许你本身就有点技术，看得却是一些下品的文章、所以看的多不一定好，学的多不一定对,03-15
$九安医疗(SZ002432)$明天能买进的少,03-15
拉萨交易已经每天不足八千万，游资也被洗出，已经随时连板无量涨停了。三天榜每个营业,03-15
$九安医疗(SZ002432)$上月付款日期就是这几天，会不会这几天会有回款到账,03-15
天空才是尽头[大笑][大笑][大笑]看到200,03-15
停牌，然后坐等公告。[大笑][大笑][大笑],03-15
拉萨狠狠买又狠狠买，朱雀狠狠砸，深源路做T。这个榜不好不坏,03-15
三药三方都忘了，步长制药的宣肺败毒,03-15
$九安医疗(SZ002432)$上周四、五连续调仓买入检测股，连拿了一个星期的金,03-15
股灾行情下躺赢一板（0315复盘）,03-15
八个点没卖，下午5个点卖了500股，2.8个点接回来,03-15
你好，美国政府十亿采购愿是不是取消了？,03-15
转发,03-15
最强中国医药vs最强九安医疗,03-15
$九安医疗(SZ002432)$九安医疗：大盘暴跌方显牛股本色，今天再次加仓九安,03-15
美国人能用你都不用，你很能,03-15
这K图怎么看也不象三天内长了两成呀？把当天长腿都算进去了？,03-15
抗原不能代替核酸使用，但是作为比核酸更大量使用的物品阿,03-15
散户救自己,03-15
$九安医疗(SZ002432)$20:27【山东省医保局印发《新冠病毒抗原检测试,03-15
$九安医疗(SZ002432)$终于赚钱了，早上拿着没动，看好九安的后期,03-15
连续跌停开始了，一地鸡毛,03-15
转发,03-15
)$九安医疗逆势上涨，接下来该怎么办？？？？？？大家好，我是小花花，今天的大环境,03-15
截止目前，公司合同中约定的发货义务已经履行完毕，待买方检验并收货后安排付款。目前,03-15
$九安医疗(SZ002432)$欢迎拉萨军团。靠你了,03-15
大幸不幸怎么出了榜啊，哎,03-15
$九安医疗(SZ002432)$新人，请多多关照，明天能吃上肉吗？,03-15
九安医疗今异常波动发公告讲六大风险自我见,03-15
到底是谁在做空A股？,03-15
转发,03-15
明天各位怎么看,03-15
$九安医疗(SZ002432)$这里面的庄总能提前接到消息[旺柴]真的牛,03-15
$九安医疗(SZ002432)$国家卫健委发声：抗原检测不能替代核酸检测，一切以,03-15
利好么,03-15
$九安医疗(SZ002432)$大量招工，应该有大订单了。兄弟姐妹们拿住哦。等好,03-15
又一个十倍大牛股,03-15
明天不补跌老子跟你姓,03-15
盘面解析：九安医疗+雅化集团+雄帝科技+智飞生物,03-15
不管风吹浪打，胜似闲庭信步！,03-15
明天美利云要完全学今天的浙江建投才行,03-15
$九安医疗(SZ002432)$自己人[笑哭],03-15
走了，车上的兄弟们继续发大财,03-15
董秘你好截止到3月13日贵司股东人数有多少,03-15
九安医疗，东方日升，雄帝科技，雅化集团，后续走势如何？,03-15
$九安医疗(SZ002432)$等来等去，等了个异常公告[滴汗],03-15
$九安医疗(SZ002432)$002528英飞拓低价位电子身份证+防疫概念股,03-15
$九安医疗(SZ002432)$网名妖门小妹职业空狗五毛党已举报,03-15
散户真牛逼，又一次霸榜！,03-15
$九安医疗(SZ002432)$卖了中国医药买了九安不知道对不对。,03-15
$九安医疗(SZ002432)$大a放量下跌，企稳还要时间，外面不好玩，在九安好,03-15
抗原比核酸稍微准确性上略微差一些这不是常识吗，优势在于更方便快捷，和核酸检测本来,03-15
转发[赞][666],03-15
公告就是利好，2手能不能赚个2w？,03-15
明天不高开？？？[旺柴],03-15
破44可以入手，周五多少都杀进去。,03-15
为什么我认为2019年2440点是新一轮8浪循环的起点。,03-15
大逆市的票子都不知道还要什么好胆心考虑的，想都多余，闭着眼就是干！,03-15
$九安医疗(SZ002432)$股市难挣钱,03-15
散户已成主力[旺柴]都是牛散大户,03-15
九安的股价最少要120-300，抗原系的股价都要涨1倍-5倍,03-15
$九安医疗(SZ002432)$$恒生互联网ETF(SH513330)$$中概互,03-15
九安最后一贴，：千亿九安，目标不变，日本政府审批今天通过了，如果13号第二个五亿,03-15
有没有知道美国第二次最终采购最终截止日期是什么时候，3月15日？,03-15
$九安医疗(SZ002432)$明天涨停板，今天洗的差不多了！,03-15
$九安医疗(SZ002432)$今天的大盘吓得我尿裤子,03-15
https://wap.eastmoney.com/news/info/deta,03-15
$九安医疗(SZ002432)$兄弟们莫慌，我刚和各大游资沟通，明天开始直线拉升,03-15
19.十万元实盘记录，第第十九天。（泻立停）,03-15
转发,03-15
尾盘大单抢筹，等公告~,03-15
$九安医疗(SZ002432)$花花提示：早盘大低开，昨天和我一起卖出的，今天早,03-15
价值千金的打板龙头战法，读懂悟透，小资金也能快速做大。,03-15
皇太极分析：百元九安就要诞生了消息面：一，今天主力洗盘，把很多不坚定者赶跑了，其,03-15
败胜亏盈的结果由认知决定,03-15
$东方生物(SH688298)$$九安医疗(SZ002432)$看图，对比一下东,03-15
之前我一直唱多，现在我唱空了，理由有三。1订单取消2抗原不认可3汇款风险目标15,03-15
$九安医疗(SZ002432)$九安，永远的神！,03-15
$九安医疗(SZ002432)$支付宝上可以预购的抗原测试盒。,03-15
$九安医疗(SZ002432)$大盘就是这东西,03-15
源深路脚踩涨停1.43亿中国医药 拉萨五军吃肉浙江建投遇游资回头,03-15
拉萨军团全部入驻，并做T，早盘买进下午卖出。怪不得拉不上去！明天该响应大盘往下打,03-15
明早买之江生物。原因：1、新冠检测和治疗热点，风口，与兰卫医学相比，有补涨机会。,03-15
$九安医疗(SZ002432)$明天敢跌，直接补仓梭哈，柯顿招一万人，估计是美的,03-15
明天九安绿了。信不信看明天。,03-15
$九安医疗(SZ002432)$九安医疗：大城市全面处守，深圳市全员每日检测。几,03-15
异常波动明天跌停板赶紧逃命卖卖卖卖卖卖卖卖卖卖卖卖卖卖卖卖,03-15
$九安医疗(SZ002432)$有拉萨的票现在才是最安全的，机构票，私募票千万别,03-15
全是拉萨家人们买！哎！多少个家庭又被套了！不过活该！明知道拉高出货，还来接盘！套,03-15
拉萨疯了吧，今天居然买了10亿九安，还好我尾盘竞价砸跌停跑了，太吓人了。,03-15
$九安医疗(SZ002432)$明天停牌，未发异动公告！！！！！！！！！！！！！,03-15
今天这个榜明天应该是平开，就看砸还是拉了[],03-15
坐等今晚公告，家人们[偷笑][偷笑],03-15
666,03-15
挺会玩，主力喜欢对子65.65,03-15
$九安医疗(SZ002432)$明天完蛋了,03-15
$九安医疗(SZ002432)$三日榜，拉萨基本进出差不多，榜一走了，昨天十几亿,03-15
$九安医疗(SZ002432)$九安是当前市场中为数不多还能让大家赚钱的股，好好,03-15
蝇头小利，不值得去冒险,03-15
走势说明了一切，今天大盘极度恐慌，九安医疗却安然无恙，说明了啥？,03-15
3.15《每日股票池》,03-15
还是那句话，明天敢水下开5个点，我就全干进去,03-15
$九安医疗(SZ002432)$看看今天的龙虎榜后背发凉啊。,03-15
跳水舒服吗跳了8个点散户看到别人断盘从来不去想为什么而是上来就杠哈哈哈哈[摊手],03-15
$九安医疗(SZ002432)$人家都可以预约了,03-15
都是自己人，明天继续加仓不做T,03-15
明天跌停了,03-15
今天，昨天主力牛逼，让做T的高手大多都反T，早上55.18抢到筹，收盘还倒贴2点,03-15
股道皆人道，投资之道，是爱之大道，在3000点保卫战时，用我们的真金和热爱，助九,03-15
$九安医疗(SZ002432)$坚持就是胜利.....终于快回本了[捂脸],03-15
$九安医疗(SZ002432)$拿人家话：常识吗，优势在于更方便快捷，和核酸检测,03-15
来了兄弟们,03-15
$九安医疗(SZ002432)$提前发涨停公告，免得收关注函，高就是高,03-15
$九安医疗(SZ002432)$中米今天在会谈，顶涨停板买明天大涨，大盘也反弹起,03-15
不学无术的韭菜老夫再次预测明天跌停口说无凭立帖为证[围观][围观][围观],03-15
国家药监局：加快推动新冠病毒治疗药物、新冠病毒抗原检测试剂个人自测产品审批上市国,03-15
这妖王都不敢妖了吗？被邪恶的砸盘队伍压制了？听说指数还要大跌，沪破3000，深破,03-15
明天起飞,03-15
转发,03-15
目前六安，这周说啥也要冲上去七安。下周冲九安 完美！,03-15
$九安医疗(SZ002432)$现在的环境拉萨比柚子有格局,03-15
转发,03-15
$九安医疗(SZ002432)$明日关注标的[加油],03-15
也算符合预期了。3月15日，国家药监局召开党组（扩大）会议，会议要求，一要深入开,03-15
$九安医疗(SZ002432)$好东西好政策,03-15
$九安医疗(SZ002432)$九安明天稳了,03-15
$九安医疗(SZ002432)$国家药监局：加快推动新冠病毒治疗药物、新冠病毒抗,03-15
股民必看,03-15
吃土,03-15
主力筹码被拿走太多,03-15
$九安医疗(SZ002432)$你们看重点，内外部经营环境未发生重大变化，美国市,03-15
量化潜水捞金策略-万孚生物,03-15
明天好开低走，大盘破3000！,03-15
$九安医疗(SZ002432)$明天停牌，未发异动公告！！！！！！！！！！！！！,03-15
都在发1.2月的销量了，董秘不发个嘛，不发怎么挺起脊梁,03-15
$九安医疗(SZ002432)$天时地利人和，九安医疗今日为缩量价升收红上穿布林,03-15
[图片],03-15
$九安医疗(SZ002432)$九安yxds,03-15
https://wap.eastmoney.com/news/info/deta,03-15
好慌，明天莫不5522[哭][哭][哭],03-15
《为何九安能有九命？》市场早已腥风血雨，A股大跌，美股大跌，港股暴跌，国内疫情再,03-15
晕死了逛了一天啥进步没有,03-15
转发,03-15
长线看只有九安医疗这种价值投资的才不亏，其他大部分都是期货样的炒作，最后一地鸡毛,03-15
$九安医疗(SZ002432)$拉萨明天不会。。。[拜神],03-15
订单已经谈好了，只等随时更新了,03-15
$九安医疗(SZ002432)$朱雀走了两亿多，还是红盘，拉萨真强，明天砸盘的没,03-15
转发,03-15
看涨吞没满仓买，看跌吞没清仓卖”，迄今为止在股市里成功率最高的方法之一,03-15
避风港湾，新冠药(翰宇药业、美诺华，)新冠试剂盒{明德生物、九安医疗，易瑞生物),03-15
$九安医疗(SZ002432)$之前是机构杀跌，现在是机构做多。,03-15
$九安医疗(SZ002432)$明天高开高走涨停,03-15
$九安医疗(SZ002432)$团结就是力量,03-15
$九安医疗(SZ002432)$一字板要来了[大笑],03-15
推荐一下,03-15
感觉万孚这个全自动核酸仪器有点叼呢，还有抗原检测锦上添花,03-15
加油干！！突破高点！！！,03-15
目标价198，英科医疗的走势,03-15
这样的公司，涨幅巨大。每股收益也就那么点。看看人家动不动三十多块每股收益。,03-15
如市场担心的一样，暴雷。,03-15
$九安医疗(SZ002432)$看看外面的大盘，瑟瑟发抖，还是九安家里温暖，至少,03-15
$九安医疗(SZ002432)$没有票的从今天开始休息到月底好了！不然亏的裤衩都,03-15
明天跌停板开,03-15
$九安医疗(SZ002432)$看[哭][哭],03-15
$九安医疗(SZ002432)$今天庄设计的6565被大盘破坏了，不怪庄家。,03-15
$九安医疗(SZ002432)$散户不要接盘抬轿医药股，大资金在做局，逼散户到医,03-15
股民必看,03-15
$九安医疗(SZ002432)$大家好，我从1个月后穿越而来，我把3月31日的股,03-15
$九安医疗(SZ002432)$准备退市了,03-15
$九安医疗(SZ002432)$$ST东洋(SZ002086)$$ST雪莱(SZ,03-15
朱雀大街怎么还有货，那天不是跑了吗？这个龟偷偷摸摸不知道进了多少[捂脸],03-15
$浙江建投(SZ002761)$$九安医疗(SZ002432)$今减仓，中国医药,03-15
不清仓不做T，不会操作就赌运气！哥就100手，随便你发挥，我不装了我摊牌了～,03-15
昨天不拉升是为了不上榜，国内认证，九安早就做好准备了，临床试验要求越高越好。之前,03-15
$九安医疗(SZ002432)$预测今天：大概率可能收盘后会发回款公告，理由如下,03-15
$九安医疗(SZ002432)$有没有人算一下，1万人，按照3班倒，月产量是多少,03-15
天津柯顿要员工，没大订单能那么紧急扩大招人吗？,03-15
龙虎榜：九安医疗跌停 3机构逆市净买入1.2亿元,03-15
九安医疗(002432)龙虎榜数据(03-08),03-15
"牛B，三日榜买入前5,净买入是负一千万[大笑]",03-15
把东方、九安医疗、万孚生物卖了，买热景生物，三十多个国家通过认证。国内首批通过！,03-15
$九安医疗(SZ002432)$第二批订单那？老子坚持了一个多月了,03-15
东方财富证券拉萨团结路第一营业部今日净买入2894.13万,03-15
这才是真正的股神，太准了,03-15
别招人了，开个股东大会，股东带家属免费进厂干！,03-15
有拉高出货的意思,03-15
抗原检测相关产业链,03-15
完了完了完了，芭比q了[捂脸][捂脸][捂脸][捂脸][捂脸],03-15
我被洗了！,03-15
$九安医疗(SZ002432)$今天交易量大，其实都是在做T。散户怕跌停，卖了，,03-15
$九安医疗(SZ002432)$需求即将大爆发，新的业绩暴增逻辑已成立。一是速度,03-15
为了防止你涨停，我硬等到集合竞价才出来，小赚2个点，明天低开继续进。我赌明天大盘,03-15
$北大医药(SZ000788)$$九安医疗(SZ002432)$st超讯刚公告，,03-15
国家卫健委：抗原检测不能替代核酸检测 核酸检测仍是确诊“金标准”,03-15
$九安医疗(SZ002432)$出榜了！！！,03-15
$九安医疗(SZ002432)$九安是压根没递交申请。为什么不递交呢？你们觉得老,03-15
$九安医疗(SZ002432)$开一贴:明天跟帖，行情这么烂大家齐心[上涨],03-15
$九安医疗(SZ002432)$九安雄起！[拳头][拳头][拳头],03-15
财经评论员,03-15
天空没有离开，她喜欢一直那样俯瞰整个大地。时间、还在流淌，带着所有的流水，永久徜徉。涨停，一直在路上，像一个冉冉升起的氢气球！,03-15
九安大帝威武！！！,03-15
亲们，能入吗,03-15
国家卫健委发文了，自检测不能代替核酸报告。,03-15
$九安医疗(SZ002432)$股吧真是热闹啊！周五涨停后股评的一堆分析的头头是,03-15
今天是方胖子拉高缁跖苈妨耍,03-15
$九安医疗(SZ002432)$散户唱多了，不洗盘是不会拉升的,03-15
$九安医疗(SZ002432)$我研究股票快二十年了，预测个股的走势还是颇有心得,03-15
$九安医疗(SZ002432)$那个拉板哥，不是当自己是神吗？昨天不是大盘崩了导,03-15
$九安医疗(SZ002432)$从今天的龙虎榜就可惜看出前天拉板的榜一大哥昨天没,03-15
转发,03-15
关灯吃面吧[哭],03-15
$九安医疗(SZ002432)$今天又有人唱空九安，巴不得九安跌停好进场，昨天就,03-15
谁告诉你们今晚有公告，大单没中标。,03-15
大家去看看中远海控，日赚2.45亿,03-15
九安明天必定跌停按在地上MC,03-15
$九安医疗(SZ002432)$今天朋友家的美容院被查封了医疗器械，感觉不妙,03-15
涨停板出了，尾盘又接回来了，九安明天必大涨,03-15
转发,03-15
指数中期底部，会反弹多久？,03-15
今晚没有利好出来，明天全埋地板,03-15
$九安医疗(SZ002432)$能红就不错了,03-15
有几个听我昨天说的，九今天不但不会跌多少还有可能大涨，今天确实大涨了5.9，但是,03-15
明天还能红吗,03-15
东方财富证券拉萨团结路第二营业部今日净买入1.46亿,03-15
龙虎榜这么大的成交量？？？,03-15
明天跌停再接回来,03-15
$九安医疗(SZ002432)$不知道你听劝了没，我收盘空仓中，上午卖完了就一直,03-15
$九安医疗(SZ002432)$九安比外面安全,03-15
一切大跌因为超高价发行,03-15
15分钟收盘价站上20线，你就持仓。15分钟收盘价跌破20线，你就走。不会套人的,03-15
九安这走势后面没有八个涨停都对不起我的牛！[吃瓜],03-15
$九安医疗(SZ002432)$利好懂得自然懂，除非庄家割韭菜，对板块是差但对九,03-15
最后的7000手有没有可能是董秘的？准备放公告,03-15
好榜，好股一般得散户者得天下，一起推动股价上涨加上工厂招工！再加上一季报超强预期,03-15
有一股神秘的力量在做空我大a，还是安公公比较安稳！,03-15
九安往后变成雪人股份咋办？看多的解释下？庄家狠的话，雪榕和冰山内例，你明白我为啥,03-15
千红制药 002550 一字板解析,03-15
$九安医疗(SZ002432)$三天成交额将近180亿，给我们看这种几个亿的榜，,03-15
造谣的垃圾！订单在哪？一个个托，恨不得韭菜全部接盘！小心雷电把！,03-15
大家都团结呀都是拉萨天团，明天抱住别放手。就在这几天肯定有意想不到的惊喜,03-15
$九安医疗(SZ002432)$自测试剂买了没用，没人给出报告。,03-15
一个字：硬！,03-15
大盘如此，但九安依然坚挺，希望成为避风港,03-15
国家卫健委：抗原检测不能替代核酸检测核酸检测仍是确诊“金标准”,03-15
[加油]跟上红哥,03-15
2022年3月11日晚间消息及公告汇总！,03-15
[兴奋]牛啊九安，招聘现场居然排很长的队，幸亏没卖,03-15
$九安医疗(SZ002432)$疫情严峻，当下，九安医疗本人选择继续持股，昨日，,03-15
家人们力量大，今天九安表现出色,03-15
全部是散户,03-15
$九安医疗(SZ002432)$这个东东关不关九安的事哦。。。。懂得起的朋友分析,03-15
$九安医疗(SZ002432)$核实夺回龙头位置？,03-15
$九安医疗(SZ002432)$我想说至少比炒股不是涨就是跌的50%概率要准吧,03-15
$九安医疗(SZ002432)$这。。。,03-15
疑似“熊市”选股票只需要三招！！！,03-15
利好抗原检测！！！99%的成功率，测试两次那成功率就是99.9%失败率就是0.1,03-15
内资主力“净买入”15股，名单来了：宁德时代（22.88亿）1.84%贵州茅台（,03-15
我就纳闷了，九安怎么天天这么高的交易量，每天都爆棚[为什么],03-15
转发,03-15
$九安医疗(SZ002432)$本来我预估今天的目标是65.65的！但是大盘这么,03-15
怎么说？？,03-15
先抑后扬的感觉，什么都有可能跌，唯独疫情相关的，没理由啊、不然逻辑不成立，,03-15
赌消息赢了吃肉，输了就不要喊，这东西不是谁能决定的，我们只能尽量控制风险，伺机而,03-15
不在给外资接盘了,03-15
主力昨天高位出货，尾盘低位接了一些。今天开盘下杀后低吸上来，再出掉昨天尾盘进的，,03-15
大A只能买人气股,03-15
转发,03-15
龙虎榜单来了,03-15
卧槽，今天全是拉萨,03-15
阿狸复盘3.13（把新冠药看做新能源车）,03-15
财经自媒体人,03-15
深圳的防疫动作搞的真大，头都大了[哼][哼],03-15
$九安医疗(SZ002432)$明天这三角压力不破就清仓,03-15
$九安医疗(SZ002432)$明天继续暴跌路线！跌跌跌跌！[韭菜][韭菜],03-15
美国第二单中标的话，九安产能要先满足美国。国内的暂时不急,03-15
"三天近170亿成交额,龙虎榜上仅显示几个亿,这个三天龙虎榜毫无意义1",03-15
东方财富证券拉萨东环路第二营业部今日净买入7466.77万,03-15
$九安医疗(SZ002432)$拉萨军团最大特征就是起伏比较大，但是都是涨不停，,03-15
$九安医疗(SZ002432)$早上53.81卖了，冲高接进来了，心情已经到冰点,03-15
你可以用不到但得备着,03-15
$九安医疗(SZ002432)$前几天抄底的筹码稳如够呢,03-15
$九安医疗(SZ002432)$九爷下午稳得一批，根本不理会大盘跳水，不知道喊跌,03-15
应该还会上涨,03-15
$九安医疗(SZ002432)$今天大盘发生了什么,03-15
觉得不错了,03-15
大盘太恐怖了。。这里还算安全,03-15
"$九安医疗(SZ002432)$大盘破了3100,出现这种情况不奇怪，想靠外资来",03-15
国内的检测剂利空都不关九安大帝的事，人家国内根本不卖[滴汗][滴汗],03-15
高价股禁止暴杀,03-15
有的地方都没搞事情，明天开盘就跑,03-15
$九安医疗(SZ002432)$前海跑了，被上海深渊路接了。,03-15
吉林长春：加大对新冠抗原检测试剂盒的采购财联社2小时前27评论居家也能开户？3分,03-15
各位大佬，一季报预告什么时候出？如果达到披露条件,03-15
$九安医疗(SZ002432)$九安一开始就反复申明自己的重心在美国市场，即使要,03-15
兄弟们，明天能买入吗？已经贷款了,03-15
$九安医疗(SZ002432)$今天前半场异动有个万手大哥怎么没显示榜单上,03-15
$九安医疗(SZ002432)$我说今天洗盘，你们会打我不？明天低开还要洗,03-15
$九安医疗(SZ002432)$明天跌停开盘了,03-15
$九安医疗(SZ002432)$在九安的第2天！浮亏3%！但今天表现比预料中好！,03-15
明日国家救市，,03-15
周末消息满天飞， 以下几点必须注意,03-15
四大天王上榜，明天高开高走,03-15
转发,03-15
$九安医疗(SZ002432)$我已经排上了[鼓掌],03-15
推荐一下,03-15
$九安医疗(SZ002432)$流出6个多亿，还有那么多韭菜进去，我也是无语了,03-15
完了方胖子出货剩下的都是拉萨有的玩儿了,03-15
$九安医疗(SZ002432)$全民核酸啊,03-15
我要笑不活了，我刚打了那个招工的小豆芽电话,03-15
接着伴奏 接着舞,03-15
$九安医疗(SZ002432)$难怪外面熔断都跑来九安了啊…………团结就是力量…,03-15
先卖咋到8个点，在慢慢买入建仓降低成本，散户又被洗了不少,03-15
抗原利空,03-15
$九安医疗(SZ002432)$还以为今天会来个阳包阴呢[吃瓜],03-15
$九安医疗(SZ002432)$核酸检测才是唯一标准,03-15
总有些人，这几天在外面亏成个b样，回九安来撒气，九安这么强还装傻唱空，你们唱空越,03-15
$中国医药(SH600056)$$九安医疗(SZ002432)$拿稳筹码不要被主,03-15
买基金就是把自己的血汗钱交给它人去发高薪养老鼠仓放炮仗玩耍！,03-15
$九安医疗(SZ002432)$昨日本尊说今日携百万散户与主力一较高下的，可还有,03-15
赶紧撤单，千万不要顶板！！！,03-15
疫情终会过去，九安终归昙花一现,03-15
转发,03-15
$九安医疗(SZ002432)$割完一分钟疯长，我@#%#%#%#……,03-15
$中国医药(SH600056)$31.8万的本，还差一个涨停板回本，中国医药明天,03-15
$九安医疗(SZ002432)$微博大v开始喊这个票了，,03-15
开盘就下班明天干啥去呢[憨笑][大笑]全职做盒除了盒啥也不过1%，99%是盒,03-15
新冠自检细分龙头一网打尽,03-15
$九安医疗(SZ002432)$大概率是九安并不着急国内审批通过，外国订单利润高,03-15
九安医疗已被法国论证通过好照头,03-15
第二批也没得，看来是凉了，明天开盘就跑[怒],03-15
转发,03-15
九安趋势快出来了，今天逆势上涨后期值得期待。,03-15
$九安医疗(SZ002432)$$中国医药(SH600056)$$美利云(SZ0,03-15
山盟犹仍在，欢情春梦间；蛰龙己惊眠，一啸动千山；今天大盘惊天大逆转最大功臣是证券,03-15
现在排单都7万手了，还有空在这想着低开跌停呢，梦里啥都有，洗洗睡吧,03-15
全球抗疫中美欧联手新逻辑新格局初露头角,03-15
重磅消息！热景生物国内自测获批！注册证编号为：国械注准20223400348今后,03-15
九安柯顿招工现场,03-15
$九安医疗(SZ002432)$昨天卖了九安，今天买别的又被套[哭],03-15
九安医疗，明天预测跌停！！！我今天60进的,03-15
$九安医疗(SZ002432)$昨天想入手怕追高,03-15
7000手竞价大哥[想一下]，各位韭菜有何想法，让我乐呵一下,03-15
$九安医疗(SZ002432)$请问如果大盘到3000点，意味着什么？,03-15
牛哥打板复盘，这个路数看清楚了吗？,03-15
九安是人气龙头明天高开涨停，只要人气还在关注的资金多的是。现在市场上除了试剂盒和,03-15
2022年3月11日热点涨停梳理！,03-15
明天一字板了，不信了可以挂涨停价看一下，都排了2万多号了！,03-15
九安医疗龙虎榜：机构席位净买入1.19亿,03-15
锂矿顶住大跌，新冠原料反包,03-15
明天怎么办！,03-15
因为中国自己也需要，所以米国会从九安采购很多量,03-15
怎么样！拉高出货吧！尾盘跌停！,03-15
3月13日晚复盘,03-15
70的本依然在这看风景,03-15
$九安医疗(SZ002432)$我今天居然会割久安去买广发。淦。估计得恶心的我几,03-15
$九安医疗(SZ002432)$虽然我在九安，今天不但没亏，还小赚了一点点。但是,03-15
九安大帝美国分公司，参加第二次5亿盒新冠检测试剂盒招标已经成功竞标，今晚出公告。,03-15
利好兑现，主力出货完毕！建议：跑，快跑。如果今晚有龙虎榜，你就知道上周五买入榜已,03-15
$九安医疗(SZ002432)$明天挂56.3低吸,03-15
$九安医疗(SZ002432)$尾盘抢筹，公告就在今晚！！！！,03-15
$九安医疗(SZ002432)$现在大盘这么拉垮，去哪都一样，还是老实待着吧。,03-15
明天要高开了[吃瓜],03-15
$九安医疗(SZ002432)$这个有影响吗？今天好多医疗跌停了,03-15
赶紧上车！今天有机会红5个点,03-15
$九安医疗(SZ002432)$很快！很快！很快！就过批！药监局加班审批中。。。,03-15
$九安医疗(SZ002432)$尾盘竞价4500w抢筹？,03-15
$九安医疗(SZ002432)$本以为要砸跌停，等了很久都没跌停，我反手就买入，,03-15
九安医疗好呀，看看外面跌成什么样子了，知足吧,03-15
看到多少？,03-15
九安牛逼,03-15
金叉来临,03-15
$滨海能源(SZ000695)$不买股票的也可以跟踪滨海能源，和九安医疗。能学习,03-15
$九安医疗(SZ002432)$这货没有人接盘[呲牙][呲牙][呲牙][呲牙],03-15
周一涨停，可以了吗？今天看到一个朋友留言说不要捧一个，贬一个。很有道理...我之,03-15
九安医疗头肩顶已经形成，不跑只有死路一条,03-15
全是散户，成不了气候，明天跌停,03-15
$九安医疗(SZ002432)$三天的榜没有参考价值，主要反映昨天与前天的,03-15
早晨浙江建投涨停T出20%，补仓九安，今天完美操作，目前只持有这两只股票，来回倒,03-15
$九安医疗(SZ002432)$九安今天非常好，唯一可惜的是没收到62.22，不,03-15
尾盘主力7000手拉高[为什么],03-15
转发,03-15
垃圾！明天直接跌停！连续跌停！套死韭菜！,03-15
通知：现在是13：37，如果今天下午再次拉到63以上，没有建仓的可以马上建仓，如,03-15
$九安医疗(SZ002432)$今个没跌出乎意料了，赚了2千多，吃点好的，整一杯,03-15
$九安医疗(SZ002432)$明天就是2021年12月25的走势,03-15
$九安医疗(SZ002432)$明天大盘如果不好会不会补跌[为什么],03-15
$九安医疗(SZ002432)$哦力给,03-15
大盘经历急跌后深V的行情，下周将何去何从？,03-15
$九安医疗(SZ002432)$T狗好多，涨上去就砸！！！格局呢！！,03-15
第二批5亿剂全部中标,03-15
别急，洗盘中，下午有惊喜,03-15
$九安医疗(SZ002432)$$中国医药(SH600056)$31.8万的本，,03-15
最近公告预期密集时间段，明天做t只先低买，如果先高卖容易被一根阳线甩下车接不回来,03-15
$九安医疗(SZ002432)$韭菜盒子。[旺柴][旺柴],03-15
我是60卖掉62接回来的我无语了，有没有人跟我一样追高了啊[哭][哭],03-15
$九安医疗(SZ002432)$兄弟姐妹们给你们看个好东西,03-15
$九安医疗(SZ002432)$弱弱的问一句，有挂涨停价买的么？,03-15
恭喜大家，你们要发财了，前方股友传来喜讯柯顿招工面试现场人满为患，排了上百米队人,03-15
$九安医疗(SZ002432)$你我都是散户就没有必要互相诋毁伤害了，在股吧可以,03-15
$九安医疗(SZ002432)$九安不能大涨原因就是T狗太多！！！！！你T我T大,03-15
今天涨的有点少,03-15
$九安医疗(SZ002432)$九安兄弟们，我很庆幸90%的仓位在九安没动，10,03-15
$九安医疗(SZ002432)$还好买了你，不然今天很难过……,03-15
$九安医疗(SZ002432)$最危险的地方就是最安全的地方，人胆子大不大就看你,03-15
建仓。A股生病了。不敢重仓。[摊手],03-15
$九安医疗(SZ002432)$空仓者。停牌的股票是多么幸福啊！,03-15
套死韭菜！草！活该！,03-15
$九安医疗(SZ002432)$刚才听说九安第二次招标竞标成功了，现在在签合同阶,03-15
董秘，您好，麻烦回答一下我的问题好吗？截止目前股东有多少？,03-15
$九安医疗(SZ002432)$早盘已经重仓买入，明天来个涨停[献花],03-15
告诉你们今天要跌了,03-15
$九安医疗(SZ002432)$贷款满上，不到一百二我上天台！九安主力和你杠上了,03-15
小仓位的梭哈了，今天涨停赌今晚公告，一旦利好就是连续大涨。大仓位资金别梭哈满，除,03-15
去看看浙江建投昨天的榜也基本是拉萨，今天不照样涨停,03-15
典型的拉高出货自救套韭菜！这家伙手毒辣阴险！今天被套的韭菜们，明天可要流泪了！,03-15
还有天星路大佬没出来,03-15
$九安医疗(SZ002432)$集合竞价抢筹[666],03-15
蛇猫三日榜，没啥好看的,03-15
整个股市跌成这样，九安居然没跌，真不易。,03-15
不用看榜，这是市场选出来的龙头。不是游资散户能确定的,03-15
今天压力位是62吗,03-15
$九安医疗(SZ002432)$为什么资金流入的更多股价反而在跌，,03-15
什么哦，竞价还抢筹？,03-15
有木有早上和我一样出了15.31附近全仓买入的，哈哈。打脸喽各位，哈哈。,03-15
出事了,03-15
$九安医疗(SZ002432)$集合竞价我又回来了,03-15
这个榜是3天的榜？,03-15
转发,03-15
$九安医疗(SZ002432)$你们忽视了一个问题，九安国内自测可以下载APP上,03-15
恕我直言，隔壁万孚那些家伙可以不涨，但千万跌不得。除非九安有属于自己的利好。,03-15
秒板你就是最靓的仔[666],03-15
今天。谢谢主力保护。,03-15
$九安医疗(SZ002432)$九安我一万句投你嘛,03-15
昨天那一堆一堆喊拉高出货的，今天全成笑话了。,03-15
还有人买，脑子有病，不及预期了,03-15
美股又下跌超2%，医药股周末吹爆了！（附策略）,03-15
独立基金观察员,03-15
主力进入,03-15
居家自测或将实现，新冠检测概念大涨,03-15
$九安医疗(SZ002432)$发帖没过简单点说吧做好准备，zc变了！,03-15
信息是第一动力,03-15
$九安医疗(SZ002432)$今天中午挂的，请问兄弟们，明天有效吗？谢谢,03-15
明天跌停板等着韭菜,03-15
$九安医疗(SZ002432)$今天能不能涨停，我早上做了个底卖高买，本来是割肉,03-15
今天大盘太差了，大盘有风险，哪都有风险，即便这是个好票，其实资金也不敢拉，风险太,03-15
大单抢筹，是中标消息快发出吗？,03-15
$九安医疗(SZ002432)$为什么这么多条提问董秘会挑这个回答？而且前后的话,03-15
$九安医疗(SZ002432)$明朝65.32不[吃瓜],03-15
不要在乎一时的涨跌，机构调研以后进场了，说明什么，自己想想吧。错过了九安，以后也,03-15
3月15日-主线新冠治疗看强分歧，机会看分支板块的回流。,03-15
$九安医疗(SZ002432)$我这1000手，45的本，昨天65没有出，今天还,03-15
$九安医疗(SZ002432)$九安里面傻皮太多拉高就出。能涨上去尼麻一帮傻皮,03-15
是主力太坏还是股市太凶险？,03-15
指数三日两次深V  明天这个板块即将迎来共识情绪拉升,03-15
感觉还没有西陇科学走的好,03-15
$九安医疗(SZ002432)$作为九安股东，大力支持柯顿公司，争取招到1万人，,03-15
$九安医疗(SZ002432)$昨天说最少涨5个点，没想到被打脸了。大A太不给力,03-15
又来了，股吧又开始要出公告了要有订单了。我朋友，我同学什么的。你买了就买了，老是,03-15
大盘太垃圾了，去掉大盘的影响，四舍五入约等于涨停了[微笑],03-15
尾拉板，可能是中标消息,03-15
$九安医疗(SZ002432)$7000手的大单都不怕亏，你们手上的几十百手还怕,03-15
高人请指点，这个月能破一百吗？,03-15
没有上车的抓紧时间了，明天快速冲击涨停。,03-15
$九安医疗(SZ002432)$黑粉少？绝杀无解！跌3万点也涨停9万个？,03-15
短线基本都能实现盈利，从小亏最后可以养家。因为有人指导，可以一直进场！,03-15
明天一字涨停就不动了，要是高开不封板就看情况要不要做t，要是低开或者跌停就必定要,03-15
一涨就什么人都出来了，以后不发贴，有话就在这里随便聊聊了。有些人需要吸粉引流，哪,03-15
九安龙虎榜，不是一般的豪华,03-15
九安医疗5日连涨 东方财富证券拉萨东环路第二营业部净卖出125万元,03-15
忐忑者无数啊[奸笑]，把心放宽宽滴，今天的九安剧情早已写完：9点15分，开始了吗,03-15
$九安医疗(SZ002432)$再不跑明天就坐地板上哭吧,03-15
今天大盘弱！！！这股还能底下翻红！！已经很不错了,03-15
$九安医疗(SZ002432)$常驻九安了，毕竟九安让我第一次在股市有了信心，只,03-15
$美康生物(SZ300439)$拥有新冠检测全系列产品，在欧美市场都有检测产品在,03-15
$九安医疗(SZ002432)$光算算美元升值带来的汇兑损益，那也是好几个亿，纯,03-15
$九安医疗(SZ002432)$20万亏10万，输红眼了，现在不管了，满仓九安。,03-15
$九安医疗(SZ002432)$刘博在国家放开自测就马上开始行动，离上市不会很远,03-15
告诉你们！如果明天高开就跑路！低开也跑路！涨停也跑路！因为你不快点跑，拉板的柚子,03-15
$九安医疗(SZ002432)$尾盘有人买了7000手,03-15
$九安医疗(SZ002432)$中国医药，九安，万孚，兰卫医学明天涨停！明天早上,03-15
很多人连大盘3千到底需要提前抢筹价值股都看不出来，还是退出股市吧。,03-15
$九安医疗(SZ002432)$拿着就好了，不要想那些没有证实的求证，一切以官方,03-15
我个人认为明天要是高开，就必须卖,03-15
牛皮,03-15
$九安医疗(SZ002432)$$复星医药(SH600196)$没产品的你们批了,03-15
不断的拉高出货！韭菜们兴高采烈扑进去！明天来个跌停！让韭菜开骂！,03-15
进去看看走势也不吃亏！,03-15
权威！只认核酸检测报告为准，唯一官方认准！谢谁还买它，国家政府的医院免费还权威！,03-15
明天开盘就跑，自测不认可太贵，还没给绿码。给你们去赚。,03-15
500元,03-15
天气变暖，疫情突然消失，人类回归正常生活，美哉,03-15
柯顿招工现场,03-15
2点半起飞,03-15
$九安医疗(SZ002432)$大家拿住，下午随时都有可能拉板，大家拭目以待。,03-15
那些周末唱空的人呢,03-15
$九安医疗(SZ002432)$7000手的大单都不怕亏，你们手上的几十百手还怕,03-15
起飞,03-15
$九安医疗(SZ002432)$怎么通过的全是胶体金法，体外诊断还没看到有审批通,03-15
中矿资源收购津巴布韦锂矿已经进场交割,03-15
兄弟们，稳住了,03-15
兄弟们，稳住了,03-15
$九安医疗(SZ002432)$我为什么没有买你[捂脸][捂脸],03-15
$九安医疗(SZ002432)$没点订单工厂会大量招工？而且还是白班夜班[旺柴],03-15
散了吧，红绿间收，今天不拉,03-15
$中概互联网ETF(SH513050)$$恒生互联网ETF(SH513330)$,03-15
$九安医疗(SZ002432)$这个是我两年来见得最狠的一次,03-15
$九安医疗(SZ002432)$老板稳到2.30然后冲冲冲,03-15
70还在的朋友！还有多少？,03-15
我预计九安明天还是回涨的，5个点左右吧，这次挂5个点出了，不贪了。,03-15
快上车，要拉涨J,03-15
果然是名不虚传的九妖[赞][赞][赞],03-15
今天做了个 好T 希望明天 给红的机会,03-15
大好消息！大好消息！九安测试盒已经在国内迅速铺开，天津各药店已开始销售了！,03-15
易瑞生物出口试剂拿到欧盟CE认证 获世卫推荐 目前股价仅34元,03-15
牛哥打板；2022年3月14日早盘：会后行情该如何走！,03-15
公告中标消息，估计快出来了，一旦公告，有可能致少5板,03-15
九安一直守着，相信你！,03-15
大盘太恐怖了,03-15
卖后悔了,03-15
永远都是恶心的拉高出货两点半准时跌停明天接着跌哈哈哈,03-15
赶快去买中国医药。马上要连板了！,03-15
$九安医疗(SZ002432)$好一招借盘洗人。。。。。,03-15
$九安医疗(SZ002432)$割在地板上很难受，亏的一塌糊涂，面都吃不起了,03-15
$九安医疗(SZ002432)$谁在柯顿厂那的求图求真相如果真大量招工稳了,03-15
$九安医疗(SZ002432)$昨晚有兄弟说今天涨停就给红包？[色],03-15
虽然我都出了，万一明早来个美国订单，那不是大腿拍断[想一下],03-15
买买买，涨涨涨,03-15
不管未来的行情如何走，只要你手里的股票是低估优质股，是没有被爆炒过的，是明显有好,03-15
30w打板的105天(中午),03-15
$九安医疗(SZ002432)$小荷才露尖尖角！[色][色][色],03-15
$九安医疗(SZ002432)$都套住了吧哈哈哈,03-15
现在的行情，如果你不买九安或者卖了九安，你买什么呢？买哪个不挨刀？基金赎回这么多,03-15
持股养心，没有一颗强大的心脏不行啊,03-15
$九安医疗(SZ002432)$疫情很快结束，逃命吧，小九一路顺风,03-15
没有去处了，都加仓九安了,03-15
$九安医疗(SZ002432)$大道至简无融资融券大资金天天T定是长期看好结果长,03-15
$九安医疗(SZ002432)$美元兑人民币正在快速升值，美国还不付款，到时候9,03-15
$九安医疗(SZ002432)$九安的懂秘就是会说话,03-15
拉高出货,03-15
九安进出自由，风险与机遇并存，这种气质我喜欢,03-15
新冠抗原检测炒作思路,03-15
九安大帝是市场选出来的总龙头，各路资金合力拥抱的偶象，期待九安精彩纷呈的一季报！,03-15
卖了就拉起来了！,03-15
不需要涨停，保持在4-5点就OK，一下涨停，那些媒体又要来找事情,03-15
$九安医疗(SZ002432)$都10家了，为什么还没有九安？什么意思！,03-15
$九安医疗(SZ002432)$70回本，还有救吗？[毛估估][毛估估],03-15
$九安医疗(SZ002432)$我们公司要求每人都要抗原检测[滴汗]并上传条形码,03-15
$九安医疗(SZ002432)$尾盘有人买了7000手,03-15
先点评今天，中锐股份，冲高出了一些，低吸不够多，光看着九安大帝了，九安大帝，见开,03-15
这大盘………牛逼奔着两千多点去了,03-15
$九安医疗(SZ002432)$昨天尾盘出的，今天集合56又进来了。我认为九安最,03-15
今天是不是诱多，昨天进的今天高点没走，明天闷杀？,03-15
九安昨天小红，今天中红，明天大红！认同的请点赞[献花][献花][献花],03-15
$九安医疗(SZ002432)$尾盘1.1万是买入?明天会怎么走?,03-15
今天出去搞了一下又亏了好几个点，还是九安好啊,03-15
$中广核技(SZ000881)$重要注意！最新新闻:顺丰速运余杭中转场已增至25,03-15
$九安医疗(SZ002432)$看看wf那个怂样，要是九安拿到了，今天就破一百了,03-15
$九安医疗(SZ002432)$据科技日报报道：法国科学家通过基因组测序首次证实,03-15
请问董秘。九安在美国分公司，参加第二份5亿盒新冠检测试剂盒招标，最晚什么时候发布,03-15
$九安医疗(SZ002432)$就怕补跌,03-15
转发,03-15
$九安医疗(SZ002432)$卖在最低点，主力太坏了,03-15
$九安医疗(SZ002432)$周线月线两个十字星，是要充8888了吗[想一下],03-15
$九安医疗(SZ002432)$这个7000手明天准备砸盘还是做T呢[滴汗],03-15
$九安医疗(SZ002432)$今减仓，中国医药，加九安，高买北大医药$中国医药,03-15
转发,03-15
今天这大盘 九安已经很牛了,03-15
下午跳水跌死你丫的[摊手][摊手][摊手][摊手][围观][围观][围观],03-15
$九安医疗(SZ002432)$能抗住股灾，九安值得拥有。,03-15
$九安医疗(SZ002432)$大哥直接7000手扫货，挂61.30的一大批人上,03-15
$九安医疗(SZ002432)$尾盘有人买了7000手,03-15
$九安医疗(SZ002432)$尾盘有人买了7000手,03-15
$九安医疗(SZ002432)$大盘要想止跌的话，必须达到三点，具体哪三点呢？下,03-15
$九安医疗(SZ002432)$今天大盘实在太难看了，而且板块也不好看，明天真的,03-15
这股完全被砸烂了，也怪大盘情绪不好，恐慌情绪。留几手陪你玩了。想见证你腰斩再腰斩,03-15
$九安医疗(SZ002432)$只有不到三百家在涨，我60走的，差点买了黑牡丹，,03-15
$九安医疗(SZ002432)$机够券商可以做空大盘指数获得爆利。广大散户只有涨,03-15
前来膜拜龙头老大,03-15
时间不够，不然还能拉一波,03-15
今天后面超大单买入超过卖出了，尾盘5分钟抢筹7000万，大单一直在买入，到最后不,03-15
2022年3月14日热点涨停梳理！,03-15
$九安医疗(SZ002432)$赶紧跌停我好满仓抄底,03-15
走了，破60每次都有很唱多，看得我老是想到50的鬼哭狼嚎,03-15
$九安医疗(SZ002432)$百股跌停市场情绪不好。只能抱妖股取暖[加油],03-15
预期下午涨停的！,03-15
九安还有避险属性吗？？,03-15
$九安医疗(SZ002432)$董秘别去帮忙打包了，速度上线发利好！,03-15
虽然追高进来的还是感谢九安，谢谢,03-15
起飞,03-15
今天的A股，再次出现大跌！说几句，给各位做个心理按摩。,03-15
这轮抵触反弹在3200点附近遇到了阻力，再次的开始向下回踩，大家要注意目前只能去,03-15
美丽云竞价涨了2个多点,03-15
$九安医疗(SZ002432)$这种大盘九安只要稳住到季报我就太兴奋了，,03-15
$九安医疗(SZ002432)$出口转内销。100亿的美国销量看来没有了。,03-15
坚定看好九安,03-15
$九安医疗(SZ002432)$今天应该有猫狗榜,03-15
美诺华股份~获得年产 60 吨抗新冠药奈玛特韦原料药及其关键中间体新建项目备案,03-15
$九安医疗(SZ002432)$7000手大哥直接扫货挂30买的一大批都没进来,03-15
$九安医疗(SZ002432)$集合竞价抢筹[666],03-15
前方传来喜讯，九安柯顿面试现场人挤人啊排上百米的队，后续肯定有大订单，要不招这么,03-15
抱团取暖吧，外面太可怕了。,03-15
$九安医疗(SZ002432)$两市常规性震荡调整，仅4400只个股下跌，加速释,03-15
不只是预言贴，封神，惊为天人，关于九安久安……将持续更新……,03-15
今天都收红的票实在是无话可黑了，扛揍太扛揍了牛批，[赞],03-15
龙头就是龙头啊，明天大概率高开高走。市场选出来的,03-15
$九安医疗(SZ002432)$都别恐慌，我来抄底,03-15
说句良心话，水下翻红上来，大盘跌的时候，都没啥动静，我觉得是挺强的，不过我还是希,03-15
$九安医疗(SZ002432)$一转眼都3.15了，继续死拿一个月吧!,03-15
抢筹么,03-15
$九安医疗(SZ002432)$求求你们别唱多了，安安静静看着吧,03-15
还是九安好，不断做T降低成本，坚定持有到4月,03-15
