前段时间跟大家说的，涅重生之终极奥义短线交易战法，已经快完工了，需要的提前预定,03-14
$九安医疗(SZ002432)$明天抢阿。,03-14
关注发展关注哈发展，哈发展后无来者我不敢保证，但前无古人，可以说是肯定的，说,03-14
$九安医疗(SZ002432)$美股检测大涨，明天涨停板,03-14
明天跌停，高的太虚,03-14
$九安医疗(SZ002432)$涨停吧主力，我71的本你还怕我跑了不成。,03-14
$九安医疗(SZ002432)$哎，7个点的时候走了算了的，,03-14
$九安医疗(SZ002432)$明天低开会不会把今天买入的都套牢？,03-14
新冠检测明天派面or反包？,03-14
明天华泰，去吉翔股份打涨停板,03-14
我买就跌,03-14
低迷期多打野,03-14
$九安医疗(SZ002432)$九爷明天别掉链子,03-14
下面的筹码都跑了,03-14
$九安医疗(SZ002432)$你们没有发现懂秘现在连p都不放了吗,03-14
$九安医疗(SZ002432)$今天追进去的人心里凉瘦瘦的，哈哈哈,03-14
$九安医疗(SZ002432)$说两个事，一是今天柯顿开始招工了，而是美国国防部,03-14
$九安医疗(SZ002432)$今天主力拿货均价62.55,03-14
$九安医疗(SZ002432)$夜盘又一字涨停，白天回调[大笑][大笑][大笑],03-14
$九安医疗(SZ002432)$美欧防疫大涨,03-14
$九安医疗(SZ002432)$主板与创业板高度都未能打开，表现较为强势的是前面,03-14
明天来个情绪修复？,03-14
$九安医疗(SZ002432)$$易瑞生物(SZ300942)$$迈克生物(SZ,03-14
九安有热度在，怕你球，明天继续吃肉,03-14
虎年实盘第26天，做t雅本，出局银星，开仓特变，悠着点来吧,03-14
炒股的人，时间是过得最快的，又是一个周末，我伸手摸了一下镜子，镜子里的我也伸过手,03-14
测这玩意有用？智商税而已。公司测自己封自己玩吗？个人测，自己封自己家吗？屁用没有,03-14
$九安医疗(SZ002432)$20220314亚马逊评论97529，再过两天破,03-14
明天会跌吗,03-14
$九安医疗(SZ002432)$真的,03-14
刚刚看了中央四台新闻今天批准了十款抗源检测试剂，九安医疗的试剂获批了。,03-14
$九安医疗(SZ002432)$下跌趋势中每一次反弹都是最佳逃命机会，建议早点出,03-14
明天一字直接核了还要想？资金退潮跑的慢直接被埋,03-14
$九安医疗(SZ002432)$今晚漂亮国那边抗疫概念股大涨，哪位股友找找小道消,03-14
出大事了，检测盒子要集采了，九安医疗明天一字板跌停，。,03-14
[火箭][火箭],03-14
没主力就不炒股了？？？,03-14
$九安医疗(SZ002432)$明天我看要跌停了，今天买的人那么多~,03-14
$九安医疗(SZ002432)$下午机构死命的逃，明天开盘跌停板，全天巨量封死，,03-14
$九安医疗(SZ002432)$9个跳到0.5，收盘个个喊衰明天！这就是某人的目,03-14
$九安医疗(SZ002432)$关于集采！！！集采不是对所有药企都是利空，例如：,03-14
久安有信仰[旺柴],03-14
仲裁已开庭，本月出结果，所有迹象表明：科华仲裁反请求大概率得到仲裁庭支持。市值严,03-14
转发,03-14
$九安医疗(SZ002432)$空中加油？[微笑],03-14
赶快买吧，再不买就退市了，一个季度挣了一辈子的钱，老板把美国的帐结回来，就直接把,03-14
$九安医疗(SZ002432)$真的,03-14
九安医疗【继新冠疫苗以来的一路生花】,03-14
股吧这么多人唱多，我怎么感觉明天不太乐观[捂脸],03-14
战争影响股票市场,03-14
九安出货了,03-14
猫狗榜没有？,03-14
今天这么差的大盘，还能收红，还不满足吗？,03-14
氢能源的巨大利好，科技创新企业，永安行603776氢能源助力车巨大利好，在常州首,03-14
//@股友w8153918E6 :转发,03-14
集采啥意思啊？,03-14
转发,03-14
$九安医疗(SZ002432)$九安下周没啥用没有获得批准，下周主要炒作卖新冠检,03-14
我自横刀向天笑，去留肝胆两昆仑！ 这就是我的战法,03-14
$九安医疗(SZ002432)$美股抗疫板块，高开高走，爆了,03-14
那个老大哥888快闭嘴吧，垃圾玩意，一天天瞎jb叫,03-14
复制1月10日，11日涨停56.56.明天涨停65.65，然后再四个涨停，到10,03-14
从亚马逊上买了几种试剂盒用，太麻烦了，要找人按照说明书方法帮你捅鼻子，再按照说明,03-14
确实牛了阿,03-14
$九安医疗(SZ002432)$被中国医药替代,03-14
氢能源践行者。。从2017年至今，永安行科技股份有限公司投入数千万元，组建了一支,03-14
成大生物(688739)已提交新冠多肽疫苗专利申请，未来有效预防或治疗新冠方面，,03-14
明天低开加仓一倍，反正也才一百股,03-14
休息，蹲下，起飞！,03-14
之前九安双底突破失败最底跌到44.88，现在国内开放抗原，第一批名单是老的专业版,03-14
$九安医疗(SZ002432)$参考2.17、1.10,03-14
大盘指数暴跌。貌似水友很恐惧呀。。大盘指数以前分析过了。。是突破上去了的。当时以,03-14
明天跑步入场,03-14
$九安医疗(SZ002432)$为啥他们的抗疫股这么坚挺？,03-14
Fg目前只有永安行开发的氢能源共享助力车有市场，因为永安行603776配套了太阳,03-14
这一回，龙王应该抓住了吧？,03-14
$九安医疗(SZ002432)$不破100不走。,03-14
九安是上升趋势，底部启动，相对比较安全，主力还没有盈利，不会马上出货，防止洗盘,03-14
[献花][献花][献花],03-14
$九安医疗(SZ002432)$果然今天是诱空，后悔减仓了，明天又要追高！――喷,03-14
国内放开跟九安没半毛关系，只跟抗原未上市公司有关，周一跌停,03-14
九安医疗和永安行同样有题材，而且永安行盈利，净资产14元，股价只有15为什么,03-14
$九安医疗(SZ002432)$$九安医疗(SZ002432)$韭安医疗下周就要,03-14
这股是进了多少散户，人气一直第一，今天都追进去了？,03-14
九安大帝！人气轻松第一！欧耶,03-14
九安携全球权威哈弗医学院确认快速检测试剂盒第一的排名，回国请求参与抗击新冠病毒这,03-14
好久不见牛菲特先生大家掌声欢迎一下,03-14
美国抗疫股暂时拉升，明天应该稳了。就看今天进的大资金拉不拉了。反正不急，慢慢来吧,03-14
周五（11日）收盘后的龙虎榜发布，不出所料，新冠检测板块的九安医疗、东方生物、万,03-14
财经评论员,03-14
3月14日 复盘 招商崩，中银板，大盘缩量，跌幅却狠，外围涨，继续干！,03-14
$九安医疗(SZ002432)$老哥们，近半年哪支股票跌幅较大？,03-14
空中加油。,03-14
明天涨停,03-14
$九安医疗(SZ002432)$九安早盘冲高出了，周末检测消息发酵那么热都没有一,03-14
九安这波看到158.88[买入][上涨],03-14
不明白，九安为何之前不申请，现在慢慢排队市场份额都被抢完,03-14
$九安医疗(SZ002432)$还没开卖，所有在卖都是违法,03-14
啥?20个涨停你还不够，你还要对子?那就100个涨停够不够?天不生我九安，万股如,03-14
价值千金的打板龙头战法，读懂悟透，小资金也能快速做大。建议收藏、转发。,03-14
15分钟K线显示机构一直在买,03-14
熊市还敢追高，。搞清楚状况，熊市，看看指数，看看整个市场，单边下跌趋势，追高需谨,03-14
$九安医疗(SZ002432)$假阴线，诱空的走法…个人认为,03-14
明天-2开接着正2接着负-2-3-4-5-6-7-8-9-10，你们当主力是来做,03-14
还是在九安里吧，比外面好，外面更糟，外面不知道怎么就是一闷棍！,03-14
主力资金恐慌性出逃    医药生物板块遭狂卖超74亿,03-14
美股大涨？,03-14
回复:另外告诉下他们只有九安是全职适合当全职太太，其他检测盒都是兼职妹[大笑]国,03-14
美国都认可的检测盒，国内肯定市场没问题，只要产能跟的上，在当前疫情形势下，产品肯,03-14
一般情况一只票最高点是豹子号的，基本5年内都是最高位,03-14
搓揉线：主力最凶狠的洗盘手法，一旦遇到当机立断满仓干，后市或将有大行情爆发,03-14
$九安医疗(SZ002432)$今天这么大量肯定是主力也在做t啊！不然哪来的这么,03-14
[拜神][拜神],03-14
$九安医疗(SZ002432)$今天进5000股+6进请问明天何去何从哪位老师给,03-14
为尽快采购新型冠状病毒抗原检测试剂盒，吉林省工信厅第一时间通过省卫健委、国家卫健,03-14
今天走了10多亿大家怕吗,03-14
$九安医疗(SZ002432)$昨天提前分享的九安医疗，今天强势涨停，昔日市场总,03-14
$九安医疗(SZ002432)$57.68进仓。,03-14
明天还会上涨，不然怎么叫妖股？明天最低也在5个点以上。今天大A这样突然下杀，九安,03-14
今天果断Ｔ了一把，尾盘60.10再次插入。此股胜在人气，50万以上的跑了15亿，,03-14
九安医疗55以上是风险，48以下是机会。,03-14
完蛋了，还不快跑，散户们,03-14
$九安医疗(SZ002432)$发个贴让大家冷静一下，不能膨胀了九安炒作季报，美,03-14
$九安医疗(SZ002432)$美国抗疫资金已经取消了二轮招标结束了。国内疫情马,03-14
转发,03-14
美爸爸招标已经结束，九安儿子能拿多少份额，九安自从88.88之后，已经多次拉升失,03-14
$九安医疗(SZ002432)$还买不买？,03-14
$九安医疗(SZ002432)$第二批招标结束了吗，在哪能看啊,03-14
现在市场上除了新冠板块哪个板块能涨？买了九安放一百个心，市场上的热钱都在这里，外,03-14
$九安医疗(SZ002432)$分析一下今天九安的走势9:25之前，借助周末通篇,03-14
搞这个,03-14
$九安医疗(SZ002432)$打压军工科技恶炒九安这样的垃圾，内资机构可悲啊,03-14
$九安医疗(SZ002432)$打压军工科技恶炒九安这样的垃圾，内资机构可悲啊,03-14
大家都避而不谈这一周大盘的熊样，如果没有九安扛起大旗，还谈什么涨不涨，肯定都在谈,03-14
都别吵了，即使被批准了也是利润极低，还是被集采，还不如在外国卖大赚特赚呢。现在九,03-14
对于目前的九安来说，有没有国内的批复不是最重要的,03-14
$九安医疗(SZ002432)$持续走高,03-14
$九安医疗(SZ002432)$不要卖给美国人了。,03-14
A股再次上演大V逆转，新冠检测概念股掀涨停潮，后续是否持续看好？,03-14
利好，采集,03-14
$九安医疗(SZ002432)$锁仓看戏，坐等飞天看到好多股友还在期盼第二批订单,03-14
今天强炒作节点，走成这样，可能是自检题材不具备长炒作性质，后面结合市场与大盘，堪,03-14
呵呵集采肯定是利好这还用想？投放到市场有几个人买的？[微笑],03-14
马上开启第三浪下坡了,03-14
$九安医疗(SZ002432)$赶紧研发新产品，接着奏乐接着舞,03-14
$九安医疗(SZ002432)$主力明天留个跑的机会吧[哭][哭][哭][哭],03-14
终于有人发声：你还能在中国股市里面坚持多久？,03-14
放量滞涨，短期必跌,03-14
明天只怕你不敢水下5个点开开就全仓干进去,03-14
$九安医疗(SZ002432)$以后会越来越多不？算利好不？,03-14
三大指数再度下跌，走势会如何发展？,03-14
九安这波看到158.88,03-14
九安医疗:关于召开2022年第一次临时股东大会的通知,03-14
$九安医疗(SZ002432)$这t吗的明天要低开下跌！真他m硬不起来了,03-14
$九安医疗(SZ002432)$央妈来了，全面自测开始了,03-14
市场为什么持续探低？新冠药物、新冠检测还能持续吗？市场持续调整了一些日子了，应,03-14
转发,03-14
显而易见，明天拉萨跑机构进,03-14
股吧喊利好的多，撒腿就跑，一跑一个准，大不了再接回来。连板的日子过了,03-14
要卖的就卖，没票的滚蛋，别整天bbb在这里唱，你们卖了，我好加仓！正愁着买不进！,03-14
$九安医疗(SZ002432)$恭喜昨日跟上的各位，拿下！,03-14
$九安医疗(SZ002432)$150万实盘目标年内1000万,03-14
$九安医疗(SZ002432)$怕踏空没敢做T，悔啊,03-14
机构龙虎榜（3月14日）：买入：华海药业（4.47亿）、永辉超市（4.21亿）诺,03-14
"今天九安有强庄进入,而且大部分筹码在63上方",03-14
$九安医疗(SZ002432)$真的要集采了，要是真的集采九安了，只对九安而言是,03-14
$九安医疗(SZ002432)$真羡慕在车上的人唉，昨天卖出去了，今天也没买后悔,03-14
$九安医疗(SZ002432)$放巨量滞涨,03-14
$九安医疗(SZ002432)$明开盘药股全场飘绿，又是割韭菜的一天，早上、追高,03-14
明天涨停65.65是巧合，还是故意为之！,03-14
总结关于九安的几个点,03-14
九安还有可能回到65吗,03-14
老实交代，今天埋了多少散户,03-14
$九安医疗(SZ002432)$今天套了很多人，明天直接低开十个点,03-14
看看K线图，九安扬起价值投资的铁锤，打碎人为制造恐怖下跌噩梦,03-14
$九安医疗(SZ002432)$加息周，加息利好纺织板块，重点关注下华纺股份吧，,03-14
集才对于九安来说是大利好不过了，量大了全地球的人都用九安了！,03-14
3.15复盘+关注九安,03-14
$九安医疗(SZ002432)$九安在香港销售，利好,03-14
$九安医疗(SZ002432)$55元进的，目前只有一手100股，随便你主力怎么,03-14
人间的奇迹就是这样产生的！,03-14
开盘涨停，就让空狗给大家继续“旺旺旺”，个人观察，呵呵,03-14
明天九不会跌停的，你们放一万个心，估计最大跌幅不会超过5，反而还有可能上涨,03-14
$九安医疗(SZ002432)$兄弟伙些：这几天九安炒完后估计那边*ST银亿也差,03-14
巨大利好国内集采强制了，细腰赛力转债直接翻倍，然后无关的九安才能涨[大笑],03-14
九安今天的走势让很多人郁闷，更是让空方癫狂，所有关注九安的都会对今天量价担忧，给,03-14
周五吹涨的太多肯定没好事,03-14
万孚生物-高配版的九安医疗（转）,03-14
$九安医疗(SZ002432)$每次低开都是建小仓机会,03-14
$九安医疗(SZ002432)$在这个股上，涨停没走，然后水下一个点，tmd究竟,03-14
$九安医疗(SZ002432)$这个人气第一感觉是花钱买的了,03-14
$九安医疗(SZ002432)$我跟人打赌上午如果绿了要请人喝奶茶所以九安明天一,03-14
$九安医疗(SZ002432)$抗原自测，认证+实验室结论+综检评估指数，产能+,03-14
没有批准九安高开低走出货,03-14
周一涨停，周末愉快！今天看到一个朋友留言说不要捧一个，贬一个。很有道理...确实,03-14
竞价封板被砸开，高度拉升不让封板、2点半之前没有等到前两天那样的拉升，就抢着割肉,03-14
下周一九安冷水下锅了！凉的发抖啊！谁来救救吧！,03-14
$九安医疗(SZ002432)$我所到之处就没有不跌的股票[下跌][下跌],03-14
又一只被玩儿坏了的好股[哭],03-14
新冠抗原自我检测概念股爆发（附股）,03-14
国内首批“自测版”新冠抗原检测试剂盒来了,03-14
$九安医疗(SZ002432)$今日本座算是元气大伤，想不到主力竟有如此实力，若,03-14
大家好，问大家一个问题（不关九安医疗的）嗖嗖互联大家听过吗？这是在港交所上市的，,03-14
$九安医疗(SZ002432)$现在美国日本都在用吧,03-14
筹码上移，周五进来的游资获利走人，别骂别人没有格局。有主力接了，没榜不知是何人。,03-14
九安医疗：美国子公司完成交付3.54亿人份试剂盒产品,03-14
$九安医疗(SZ002432)$指数三天偏离值14.86也就是说明天如果涨7.2,03-14
现在抱团九安医疗这种，其他股更差。,03-14
好多股神啊，能预测走势，太牛了,03-14
广西牛哥：九安操作策略一。,03-14
$九安医疗(SZ002432)$为什么散户就是不承认自己接盘了呢？,03-14
$九安医疗(SZ002432)$重大新闻啊，检测盒子政府马上要集采了，九安医疗十,03-14
转发,03-14
昨天那些空狗估计接盘了吧，让你唱空，制造恐慌。,03-14
比亚迪顶333.33九安医疗88.88,03-14
价涨量缩，触及20日线，封单较弱，不阴不阳的消息与解读，周一盘中密切关注，强势十,03-14
$九安医疗(SZ002432)$大盘跌了好久了，等大盘起，九安这小胳膊难道还要跟,03-14
对对对晚上跌停，明天反弹,03-14
我今生砸锅卖铁买九安，不管几个！,03-14
$九安医疗(SZ002432)$看见突然一大堆人唱空，我特么就安心持有了，下星期,03-14
今天抗原检测试剂盒概念高开低走，原因是什么，这个试剂盒定价是多少，高了肯定不行，,03-14
转发,03-14
明天开启？？？什么模式？,03-14
$九安医疗(SZ002432)$明天说不定就公告获批,03-14
新冠检测试剂周一暴涨，也是大面的时刻！,03-14
$九安医疗(SZ002432)$看来大a的主角依然是你；只可惜洒家没上车,03-14
$九安医疗(SZ002432)$周一低开就加仓,03-14
兄弟们扶我起来，我还能买半手,03-14
不懂就问，采集是什么意思,03-14
明天肯定顶不了一字星期五进来的算大资金了你让他周一去顶一字?240亿其他人呢没分,03-14
您是市场总龙头吗？,03-14
今天连64以上都没卖到，可惜[滴汗],03-14
$九安医疗(SZ002432)$兄弟伙些：这几九安炒完后估计那边*ST银亿也差不,03-14
$九安医疗(SZ002432)$有没有早上高位接盘的,03-14
$九安医疗(SZ002432)$美国第二批五亿盒采购有消息了吗？,03-14
$九安医疗(SZ002432)$老美第二批订单看样子也落空了，国内也无法授权，短,03-14
上周五我都想好挂涨停买了！铺天盖地的新闻和利好，周末冷静了下，果然四出货,03-14
人气收割王！看来这个拉萨人气榜不能碰啊！基本能买进的都是吃面的！今早排队进，明早,03-14
$九安医疗(SZ002432)$能跑的，赶紧跑吧！过百姓平安生活，远离此类“完美,03-14
$九安医疗(SZ002432)$这价格。。。。,03-14
$九安医疗(SZ002432)$1.周一开盘要高于60.89，拉升62.18能坡,03-14
这90%以上的操作，都集中在低吸潜伏，是绝对的低吸潜伏派。因为打板当天存在炸板吃,03-14
$九安医疗(SZ002432)$集采是最好不过的，对于九安大帝，从此我们九安开始,03-14
$九安医疗(SZ002432)$[旺柴]刚刚刷到九安主力出逃14亿,03-14
$九安医疗(SZ002432)$刚刚刷到这个[旺柴],03-14
$九安医疗(SZ002432)$tf电话会议：抗原自测试点放开不止1-2个城市有,03-14
这么明显的利好还涨停，那股市真没意思了,03-14
$九安医疗(SZ002432)$rt,03-14
$九安医疗(SZ002432)$各位朋友明天如何啊。有点看不懂。今天主力明显是不,03-14
周一九安你能买进你就磕头吧，这是总龙头[大笑],03-14
今天65块买了300万，明天怎么办，急，在线等,03-14
$九安医疗(SZ002432)$九安和东方国产包装都已经出了，所以量产都是分分钟,03-14
$九安医疗(SZ002432)$完全和我预测的一样！其实一点也不难！只要你冷静思,03-14
$九安医疗(SZ002432)$利润还有12个点有本事明天跌停,03-14
枪打出头鸟，后来自有后来的道理,03-14
自我检测为啥没有九安,03-14
大家晚上好！3月14日不平凡的一天，紧急提醒所有人，今天的A股大跌86点，恒生指数大跌1022点，为什么外围今晚集体大涨？,03-14
当心01月18日！！！,03-14
$九安医疗(SZ002432)$感觉九安的董事长和董秘这么不争气,03-14
好奇怪,03-14
$九安医疗(SZ002432)$40见,03-14
$九安医疗(SZ002432)$今天没卖很后悔，明天有可能大跌,03-14
不看好九安医疗的趁早滚蛋，别在这边唧唧歪歪，去别的地方。,03-14
$九安医疗(SZ002432)$九安医疗一季业绩将成为A股历史上史诗级“医茅＂季,03-14
聪明人现在不会玩九安了,03-14
$九安医疗(SZ002432)$赶紧走吧，整个板块都在出货了，今天出货明显,03-14
$九安医疗(SZ002432)$在国内这个市场环境下，我简单分析一下集采，只有政,03-14
$九安医疗(SZ002432)$自从脱离了股海，吃饭也香了，睡眠也好了。见谁都微,03-14
很后悔50块只能了12手。这得少赚多少米啊,03-14
$九安医疗(SZ002432)$还得涨。。。,03-14
这日线上翘,03-14
$九安医疗(SZ002432)$今天追高进的心情还好吗[旺柴],03-14
$九安医疗(SZ002432)$慌什么慌，《科创板日报》记者从接近国家组织高值医,03-14
$九安医疗(SZ002432)$完事儿了就来那么一句：下一位，请做好防护。经典的,03-14
不集采也不会卖的很贵啊…也不敢卖贵吧。集采好歹还能走量，不走量的话中国人是很喜欢,03-14
$九安医疗(SZ002432)$送给无脑唱多的！[捂脸][捂脸][捂脸],03-14
转发,03-14
"九安目前走势是天天涨,不停涨,明天估计涨5个点左右,不会涨停",03-14
此股已废……万孚,03-14
52元附近闭上眼睛抄底上车的跨年妖王九安大帝有望再来一波大涨，它将带动市场情绪再,03-14
我国载人航天工程空间站在轨建造任务稳步推进,03-14
建信基金管理公司,03-14
$九安医疗(SZ002432)$换手率太高了哇！今天检测概念没有预期的强势，估计,03-14
明天早上是不是大订单光临了[微笑],03-14
$九安医疗(SZ002432)$还想着免费做核酸，不用人力物力啊，全是国家兜底,03-14
$九安医疗(SZ002432)$14亿散户能接得来？还能收红？背后到底是谁？,03-14
今天不少人追了进来，看来还得下去,03-14
拿什么救指数,03-14
$九安医疗(SZ002432)$在其他软件看九安日成交量，今天是绿的，在东财就是,03-14
$九安医疗(SZ002432)$招商证券无法交易事故分析及自我重新选择！！$招商,03-14
周三在抄底,03-14
九安走成这样人气还排笫一，中国医药排后面,03-14
够阴险，做假线，撤退速度撤了,03-14
北水巨额流出空头疯狂反扑，大盘反弹回落全天水下震荡,03-14
"可以大胆地告诉你们,五月底前九安绝对站上120元上方",03-14
$九安医疗(SZ002432)$没想走弱了，对不起你总龙头的身份啊，留一首格局,03-14
$九安医疗(SZ002432)$赶快去检测,03-14
$九安医疗(SZ002432)$他强由他强，清风拂山岗，他横由他横，明月照大江…,03-14
今天如果大盘情况好的话能这种走势？早上就封死涨停了。,03-14
明天开盘又可以低吸了。。。,03-14
$九安医疗(SZ002432)$18:39【集采信号？天津医药采购中心开展新冠抗,03-14
闷杀,03-14
妖门小妹今天接盘了吧[呲牙]周末2天加班，今天很安静啊[鼓掌],03-14
【3.14午】搞票了！,03-14
再不发利好公告的话，明天会被板块带下去,03-14
13号获批热景抗原，14号下午1点800万份送达吉林省，这是什么速度？竟还有人说,03-14
$九安医疗(SZ002432)$$恒生互联网ETF(SH513330)$$中概互,03-14
$九安医疗(SZ002432)$这个婚没法接了！我准备结婚，昨天家里人和女方父母,03-14
$九安医疗(SZ002432)$招商证券无法交易事故分析及自我重新选择！！$招商,03-14
$九安医疗(SZ002432)$集采信号？天津医药采购中心开展新冠抗原检测试剂信,03-14
$九安医疗(SZ002432)$天津确实开始采购了，这九安你不争口气努力努力赶紧,03-14
手中个股出现减持消息，是应该“死扛不放”还是“清仓走人”？,03-14
$九安医疗(SZ002432)$我想问问大家人民币贬值是不是对九安利好九安还有大,03-14
$九安医疗(SZ002432)$九安的末日到了，天津要集采了。以后检测盒子白菜价,03-14
下一只九安医疗已经确定就是这只大妖,03-14
刘菲特今天怎么没有锐评,03-14
香港就赚42亿,03-14
首先承认我没有九安，但我是看空明天后天这两天的行情的，觉得九安至少会有两个跌停。,03-14
今天散户接盘了，明天赶紧跑,03-14
我来打打气明天反包[鼓掌],03-14
调整几天再看，不急,03-14
$九安医疗(SZ002432)$要是真采集了是对九安而言是超级巨大利好，九安又在,03-14
真是厉害你不佩服不行,03-14
$九安医疗(SZ002432)$完事儿了就来那么一句：下一位，请做好防护。红楼风,03-14
$九安医疗(SZ002432)$今天真是晚了个寂寞，高开高走，尾盘跌零,03-14
$九安医疗(SZ002432)$明天九安医疗走势！低开低走跌停板上摩擦！[韭菜],03-14
新题材来了，老题材可以倒了,03-14
对对对，晚上跌停，明天反弹，然后晚上再跌停，白天再反弹,03-14
$九安医疗(SZ002432)$一群外行在这里唧唧歪歪。集采是什么都没有搞清楚就,03-14
明天如果不涨停，九安就彻底废了！,03-14
明天亚太药业买点,03-14
$九安医疗(SZ002432)$小区门口电焊机随时都可以[上涨][上涨],03-14
$九安医疗(SZ002432)$九安医疗股东是谁是小米，是刘毅刘峰的百年基业是小,03-14
$九安医疗(SZ002432)$跑了15亿牛逼,03-14
$九安医疗(SZ002432)$还是按捺不住激动的心，毫无疑问，周一九安必定一字,03-14
上周五2个点割了，早上62又买了[旺柴],03-14
终于等来集采利好。九安只有集采才能占据国内市场。,03-14
九安医疗：新冠检测试剂盒已在iHealth香港官网销售,03-14
巨大利好不过开盘跌停赛力转债涨停[大笑][憨笑],03-14
行情风声鹤唳，何时止跌？提示一个重要策略......,03-14
自测盒子如何集采？集采发给社区，社区分发吗？,03-14
又到了晚上跌停，明天反弹的时候[大笑],03-14
$九安医疗(SZ002432)$现在亚马逊销售怎么样了，哪个哥们帮忙看一下,03-14
$九安医疗(SZ002432)$集采是利好啊，量大的赚钱，这样九安国内外就没有真,03-14
跟1月10日的走势完全一样,03-14
好多人都拿着九安啊，看明天的局势了,03-14
$九安医疗(SZ002432)$反正持股到现在，逢低我就加，逢高也不卖，100是,03-14
$九安医疗(SZ002432)$明天一字跌停了要集采了,03-14
九安是放量下跌吗？,03-14
$九安医疗(SZ002432)$今天九安主力流出14亿，小散起码接了10个亿，还,03-14
对对对，晚上跌停，明天继续反弹，可以了吧，空门,03-14
货不是一口气交也不是一口气验，上周四收盘公告交货完毕，应该是最后到一小部分。验货,03-14
大部分人和我想的一样，觉得明天会低开，那完蛋了，高开了，信不信?主力把咱们散户研,03-14
历史上流出10多亿，还能红的股票，我没见过。你们呢？,03-14
值得参考[赞],03-14
石油市值连续缩水，现在是“越跌越买”降低成本？还是马上清仓？,03-14
$九安医疗(SZ002432)$放量涨滞，明天不妙。,03-14
$九安医疗(SZ002432)$可能因为集采，今天板块集体走弱，不然找不到别的原,03-14
$九安医疗(SZ002432)$大单，超大单走了14个亿，仍然是红盘，都是散户接,03-14
$九安医疗(SZ002432)$看了不少股友说九安的自测盒在国内没批文是大利空。,03-14
巨大利空开盘捏婷就是跌停，收盘张婷封[大笑][大笑][憨笑],03-14
$九安医疗(SZ002432)$兄弟们我是不是又加仓失败啊！加在高点了。最近这主,03-14
在座各位怎么就那么喜欢绿呢？我就奇了怪，不管男的女的都不喜欢吧？,03-14
$九安医疗(SZ002432)$九安在等美国政府的集采，不是吗？？？,03-14
快看我涨停了今晚挣了半个华尔街,03-14
战绩不错啊，能带带我？,03-14
说九安明天一字跌停的你们真的是啊,03-14
政府集采的话，价格不超20,03-14
"买入九安睡大觉,不必天天计较日涨跌,几个月后你就是旁人羡慕的人",03-14
$九安医疗(SZ002432)$天津要采集，九安要是真采集了是巨大利好，又在国内,03-14
转发,03-14
还好上周看到了，不然又错过了,03-14
妖股都吓，星期二妖股路演！（3月15）,03-14
既然大家都怕那44.88都给我吧……[旺柴],03-14
就像斗地主啊…明牌了，太多人看着地主的牌打了，螳螂捕蝉黄雀在后啊。,03-14
刘董卧薪尝胆，高瞻远睹，早料到了廉价集采，故意拖慢速度在国内销售，努力全力拿下美,03-14
害怕啥啊，大不了跌十个点而已，除非不给你跑的机会,03-14
$九安医疗(SZ002432)$割肉了，早盘没跑，后悔蒙圈了[哭],03-14
集合竞价成交4.5亿，开盘几分钟成交20个亿，这是散户能干的事情？？？明显今天有,03-14
还不跑等死,03-14
[得意]虎哥理解可以的！,03-14
龙虎榜出了，没九安,03-14
股市量化预警系统20220314收盘,03-14
别急，资金可以流出10亿，也可以流入10亿。消息真空期，害怕的家人们，就不要全仓,03-14
采集是好还是坏,03-14
$九安医疗(SZ002432)$你敢拿榜一，有脸吗，还我中国医药榜一大哥,03-14
集采对九安来说，反而是好事情，今天九安随大盘下跌，其他中标的检测股大涨，集采对那,03-14
$九安医疗(SZ002432)$我不慌明天必涨停[俏皮],03-14
$九安医疗(SZ002432)$有谁能说说，今天龙虎榜新冠检测板块一个上榜的都没,03-14
$九安医疗(SZ002432)$这榜一，不如我重仓的中药。,03-14
$九安医疗(SZ002432)$64走了，韭菜加油,03-14
$九安医疗(SZ002432)$能否突破就在本周如果本周75上不去基本凉了一半,03-14
今天板块回调看不懂，但集采对于这个空白市场当然是利好,03-14
什么采集,03-14
$九安医疗(SZ002432)$人气如此之高！能否冲上100？,03-14
$九安医疗(SZ002432)$别担心，九安和东方通过不是今晚就是明晚,03-14
炒股的过程就是修心的过程,03-14
接下来您怎么看待九安,03-14
$九安医疗(SZ002432)$明天继续跌停,03-14
今天九安竞价一度涨停，后面回调到4个点左右,03-14
集采利空那些获批的企业，九安没获批所以说暂时没事,03-14
$九安医疗(SZ002432)$拉萨就是死不悔改,03-14
$九安医疗(SZ002432)$换手率这么高，怎么不上榜，明天直接核按钮,03-14
$九安医疗(SZ002432)$可不可以理解下午快速跳水是因为主力提前知道集采的,03-14
$九安医疗(SZ002432)$集采是利好吧,03-14
$九安医疗(SZ002432)$主力资金都跑了，明天不知道怎么样了。,03-14
$九安医疗(SZ002432)$那些说集采好的，麻烦你去看一下长春高新。,03-14
太爽了吧，200多亿的市值，一天就套现七十亿,03-14
今日盈利1108本来赚8000尾盘10分钟跌了7000块希望明天能饶我一条狗命！,03-14
好像你们说的消息跟这个股一点关系没有吧，乱唱。,03-14
"$九安医疗(SZ002432)$拿九安挺起大盘的脊梁！九安持股过节,主力大资金押",03-14
$九安医疗(SZ002432)$集采，明天核按钮了把？,03-14
$九安医疗(SZ002432)$今天在回落到七个点的时候，全抛了，干得漂亮,03-14
$九安医疗(SZ002432)$换手率这么高，怎么不上榜，明天直接核按钮,03-14
冲着早上的大单我不相信是散户接盘，多少有游资大佬机构的资金，盘尾砸盘大盘带的恐慌,03-14
明天涨停65.65。按排好了的,03-14
$九安医疗(SZ002432)$敢砸就敢买谁怕谁我们就几万块,03-14
明天敢跌我就敢加仓,03-14
上周就看见你了,03-14
对此，《科创板日报》记者从接近国家组织高值医用耗材联合采购办公室(“联采办”)人,03-14
没公告就完了,03-14
九安医疗回家,03-14
$九安医疗(SZ002432)$做事情稳着点来，别一惊一乍的，特别是在投资方面。,03-14
集采是企业自愿，别一出消息就跌停，小白就是小白,03-14
恭喜今天车上的兄弟们了！,03-14
全部的药最近涨了夸张，下跌40点，让其他板块起来才是正常的股市。,03-14
$九安医疗(SZ002432)$今天究竟是怎么回事，从涨停到涨零,03-14
$九安医疗(SZ002432)$继续格局[得意],03-14
还好有一个有实力的柚子带队,03-14
神奇的二点半，九安下水了,03-14
龙头没戏,03-14
$九安医疗(SZ002432)$居然热度第一，也不咋地啊,03-14
外围大涨，明天高开低走，十连阴,03-14
明天跌停开,03-14
九安估计到头了,03-14
是不是九安的审批也要下来了，所以天津才公布集采的方案,03-14
董秘忙着写公告,03-14
$九安医疗(SZ002432)$今天九安竞价一度涨停，后面回调到4个点左右，开盘,03-14
九安一旦集采，就会占领整个国内市场,03-14
实力派就是不一般,03-14
董蜜你要出来说话了吗,03-14
3月14日，天津市医药采购中心发布《关于开展新型冠状病毒抗原检测试剂信息集中维护,03-14
主线新冠分歧，是机会还是风险，明日投资策略思考大家好，我是取经人，今天是2022,03-14
俩天不给看猫狗榜了$精华制药(SZ002349)$,03-14
$九安医疗(SZ002432)$什么也别说了，留个底仓，等我在战江湖,03-14
受益匪浅,03-14
受益匪浅,03-14
$九安医疗(SZ002432)$xdm们我看到了这样的图了,03-14
唯独九安医疗最厉害赚的是美元,03-14
推荐大家,03-14
今天水上买入的全部被埋，雪崩时没有一片雪花是无辜的。,03-14
$九安医疗(SZ002432)$不要在压路机前检铜钱[抱拳][抱拳][抱拳],03-14
明天芭比Q了，尾盘一万多手等着卖，早上竞价没走，哎，本来赚了一万多，现在倒亏一千,03-14
$九安医疗(SZ002432)$已经在大面积推广使用,03-14
$九安医疗(SZ002432)$今天懂密为啥一个回答提问都没有，不正常,03-14
$九安医疗(SZ002432)$排名第一,03-14
$九安医疗(SZ002432)$明天要不要出个拔网线概念，大哥们，气死了啊,03-14
$九安医疗(SZ002432)$这逼今天拉高套人、明天百分百低开了,03-14
下午63看稳不住走了，绿了没忍住又接了1000股股是好股，很有节奏感的股股，看谁,03-14
$贝瑞基因(SZ000710)$$九安医疗(SZ002432)$你是在紧跟大哥吗,03-14
明天怎么样啊，高位没出,03-14
怎么看明天的局势,03-14
$九安医疗(SZ002432)$拉萨脸皮这么厚啊，今天都走成这样了还人气第一，难,03-14
有东西，但是不多,03-14
有东西，但是不多,03-14
s子都想的到，九安批准了还有其它公司活路吗！先去赚足外国的钱再说！,03-14
$九安医疗(SZ002432)$虽然没达到我的预期。但谢谢你。已经出了。[抱拳],03-14
$九安医疗(SZ002432)$明天补跌,03-14
$九安医疗(SZ002432)$完蛋了,03-14
新城控股已经跌破净资产了，不去抄底吗？,03-14
$九安医疗(SZ002432)$原来吴专家记混了，被取消的是他老东家[大笑],03-14
来了，九安来了！,03-14
$九安医疗(SZ002432)$新政策叠加奥密克戎的持续性，未来各大主流抗原试剂,03-14
转发,03-14
[666][666][666],03-14
量放大了，拉高了让大资金出局，让小散接盘。,03-14
明天涨停价格65.65,03-14
$九安医疗(SZ002432)$该跑的跑了想加仓的大部分也加不动了，明天怎么走,03-14
主力手里都是筹码，往哪里跑？,03-14
这种股票，对于成熟股民，只是看看，笑看风云，对一知半解懂点技术，想快速致富的，就,03-14
$九安医疗(SZ002432)$在九安的第1天！看能坚持待几天吧。今天赔6个点,03-14
今天绝对的放量了！放量滞涨！明天砸盘！,03-14
啧啧，人气第一双刃剑啊[笑哭],03-14
巴菲蛋概念[哭],03-14
我是一个客观的人。上午八点我提醒有涨停可能，技术面决定了一切。所谓技术面，不是看,03-14
$九安医疗(SZ002432)$哥们是不是出了九安买的复星医药,03-14
$九安医疗(SZ002432)$1，2月份的业绩预公告一下，到底赚了多少,03-14
"华鑫上海分被JG了吗?今天龙虎榜除了几个3日榜是上周交易外,今天都没上榜,太不正",03-14
$九安医疗(SZ002432)$没有棒，是不是柚子都没走呀，行情还有，明天最后上,03-14
$九安医疗(SZ002432)$今天高位买进的，出来走两步。,03-14
好好的涨停股，硬是被大盘捂闷下去，这就叫伤及无辜,03-14
0314复盘：三波抄底资金被埋，缩量下跌，再度冰点。,03-14
$九安医疗(SZ002432)$做了一个多点的t。你却要闷杀我,03-14
$九安医疗(SZ002432)$周五游资机构今天拉高清仓试出货。主力化小单疯狂吃,03-14
$九安医疗(SZ002432)$完犊子了,03-14
内容还不错,03-14
$九安医疗(SZ002432)$景峰医药参股新冠疫苗走势良好大反弹在即，玻尿酸行,03-14
今天午盘加仓九安的原因：“双毒合一！”德尔塔克戎”变体首次证实。法国科学,03-14
$九安医疗(SZ002432)$64追的，慌的,03-14
2.9和2.17都是这个走势，冲高回落，别担心,03-14
今天没有做t的钉子户都很拉跨，对，我说的我自己。,03-14
A股到底怎么了？,03-14
东洋还在九安一时半会死不了[俏皮],03-14
$九安医疗(SZ002432)$明天直接低开低走跌停板，本周必死无疑再次跌破40,03-14
$九安医疗(SZ002432)$明天反包涨停,03-14
$九安医疗(SZ002432)$晚上赶紧挂跌停出货,03-14
$九安医疗(SZ002432)$七千股跌了三十点全抛了，去中国医药赌一把。[牛],03-14
今天虽然红盘，但比绿了还不爽，好好的趋势走成这样,03-14
$九安医疗(SZ002432)$早上涨到9.46如果能一口气冲上去封住涨停的话这,03-14
$九安医疗(SZ002432)$我没有久安，有个朋友被套了，今天让她走，她不知道,03-14
$九安医疗(SZ002432)$今天最高65.19，收盘59.68，猜猜啥意思,03-14
$九安医疗(SZ002432)$我没有久安，有个朋友被套了，今天让她走，她不知道,03-14
$九安医疗(SZ002432)$广生堂全球里程碑式的抗乙肝创新药快上市了～,03-14
$九安医疗(SZ002432)$热景有吉林800万份订单了[哭],03-14
$九安医疗(SZ002432)$虽然今天走势不好看！我也没有这个股票了.但是我感,03-14
龙虎榜呢？！,03-14
明日的选股策略2022.3.14,03-14
$九安医疗(SZ002432)$今天换手非常大，明天没有主力干预的话后果很严重,03-14
$九安医疗(SZ002432)$明天怎么走芭比q,03-14
$九安医疗(SZ002432)$手法真是顶级，还不销户吗？同是散户的我们，哈哈，,03-14
明天涨停65.65[大笑][大笑][大笑],03-14
$九安医疗(SZ002432)$现在九安最大的问题就是货款还没有收完，,03-14
$九安医疗(SZ002432)$也许明天早上会公布中标第二批订单,03-14
早上多刺激。以为要一字呢,03-14
$九安医疗(SZ002432)$65.65,03-14
今天的59.68是最后三秒钟九千多手砸出来的[怒][怒][怒]8861手挂59.,03-14
$九安医疗(SZ002432)$买了五个月的基金收益，这什么垃圾玩意，亏了我五块,03-14
$九安医疗(SZ002432)$正常收盘董秘都会几句，今天不对劲啊,03-14
$九安医疗(SZ002432)$公司也不知道怎么回事，国内应该尽快上市,03-14
$九安医疗(SZ002432)$感谢九安医疗，让我的资产翻了一倍。来得有点晚挣得,03-14
今天被招商证券坑死了，要知道用东财了,03-14
今天龙虎榜没有华鑫上海分，量化解散了？,03-14
$九安医疗(SZ002432)$我就不信了，明天再买十亿股，坐等吃肉[大笑],03-14
$九安医疗(SZ002432)$白玩一天还亏了手续费,03-14
$九安医疗(SZ002432)$今天是不是因为这个才一柱擎天,03-14
居然没榜？？？,03-14
还好看到了这个帖子，没错过就行,03-14
$九安医疗(SZ002432)$哪位老大能提供一下九安试剂检测盒的cde受理号呢,03-14
九安大家怎么看,03-14
上周就说了,03-14
$九安医疗(SZ002432)$上周五一卖就涨，早上一买就跌，今天八个点追进去以,03-14
“我认为九安医疗今天涨高后的分时线为主力洗盘”，又准了。,03-14
我之前说黑牡丹没有一字板就是低于预期，这种票我买的太多了，但今天九安我觉得一字板,03-14
卖个锤子呀，顶几个连板不香吗？[吃瓜],03-14
3月14号今日操作：止盈交运和舒泰神10多点大肉，打板宋都，低吸迪生力。,03-14
明天不是涨就是跌[鼓掌],03-14
$九安医疗(SZ002432)$15亿都没砸绿，空勾还有多少筹码[怒]检测盒中国,03-14
留个关注看明天走势也不吃亏,03-14
要不是被套当时早就去中国医药了。哎。错过了太多,03-14
推荐大家,03-14
$九安医疗(SZ002432)$救俺医疗，大家快来救我啊[哭],03-14
买九安医疗的要么是赌徒要么就是家里有矿。一个几块钱的涨到了那么多，还去玩，看看复,03-14
"今天主力出光就是利好,九安有这个热度最好没有玉力,美国有好多有热度的股票就是靠散",03-14
$九安医疗(SZ002432)$做了一个多点的t。你却要闷杀我,03-14
第一批订单我记得合同说3月14号啊，看今天尾款到不到账咯？不到，明天只能跟大趋势,03-14
$可孚医疗(SZ301087)$$九安医疗(SZ002432)$重磅：国内抗原检,03-14
很多人喜欢拉升去买，心理作用，拉升要卖，要买也要等尾盘买，防止被套，,03-14
狙击【3.13 复盘】：周末重磅消息，说几个下周确定性的机会！,03-14
$九安医疗(SZ002432)$第二批肯定有九安，知道为什么吗？公告已经给了答案,03-14
追高的小可爱们明年为你们祈祷[大笑],03-14
从上周五到周末，证券市场被新冠自检概念及相关消息刷屏，万孚生物、东方生物、九安医,03-14
财经评论员,03-14
蛇榜呢,03-14
还没公告吗,03-14
追高的小可爱们明天给你们祈祷[俏皮],03-14
$九安医疗(SZ002432)$总的来说我今天还算可以，T了把，小赚点，接回来太,03-14
$九安医疗(SZ002432)$那些说受大盘影响的，仙人指路的，明天千万别跑。,03-14
花花紧急提示：今天盈利的可以清仓，或者做一个波段出售了，行情到这会玩的30个点已,03-14
卖了九安，买入浩物股份，资产重组，天津首富重组,03-14
$九安医疗(SZ002432)$哎，无语至极！,03-14
$九安医疗(SZ002432)$空仓版！今日龙虎榜单及明日策略（03.14.17,03-14
巴菲蛋概念股果然厉害，主力流出14个亿没砸动，还红着,03-14
$九安医疗(SZ002432)$没有榜,03-14
啊！马上就涨停了！家人们，继续买呀！这魄力，这勇气，实在令人佩服！主力都出玩滚了,03-14
$九安医疗(SZ002432)$假阴真阳且放量有点像洗盘！,03-14
$九安医疗(SZ002432)$九安喝咖啡谈过话，采取不回答小散户任何问题。就没,03-14
谢谢九安给我一个涨停板，祝福大家九福安好，三千弱水，我只取一瓢，谢谢,03-14
今天没榜？,03-14
$九安医疗(SZ002432)$综合各方面来考虑明天一字缩量涨停概率很大，但是看,03-14
这个女的怎么啦？有多少亿身家，说人穷,03-14
龙虎榜呢？,03-14
$九安医疗(SZ002432)$周末那些唱多的穷酸韭菜出来走两步呀？涨停呢？一字,03-14
这个票麻烦了！,03-14
$九安医疗(SZ002432)$九安医疗本周必定跌破40！跌跌跌跌！跌跌跌跌！[,03-14
散户可真是狂的没变，你们是真怕别人不知道你挣钱了？我早上63卖掉了找机会在接回来,03-14
转发,03-14
高位抛掉[得意][得意],03-14
下周重点关注新冠药，最具备爆发力的板块，以及优质的低位股！,03-14
明天去亚太药业买点去比较强势,03-14
$神思电子$纯正新冠居家股，其全资子公司:神思医疗//@林氏协源:$神思电子$明,03-14
今天应该是大盘带蹦的,03-14
"今天主力出光就是利好,赁九安如此高的热度最好没有主力,美国好多有热度的股票就是靠",03-14
$九安医疗(SZ002432)$差点就芭比Q了,03-14
$九安医疗(SZ002432)$这次又死了多少憨憨。不长记性[坏笑],03-14
$九安医疗(SZ002432)$为坚守九安，恒宝的兄弟姐妹们吟诗一首[俏皮],03-14
$九安医疗(SZ002432)$尽力了,03-14
$九安医疗(SZ002432)$开盘五个点杀入，本以为可以涨停，结果倒贴五点，本,03-14
今天为什么跌呀,03-14
$九安医疗(SZ002432)$奥巴马也中招,03-14
九安两个月内上涨后放量的有过多次，但是基本上放量过后都会反弹甚至开启下一波。九安,03-14
$九安医疗(SZ002432)$九安骑虎难下，九安美国政府订单5.1美元，零售7,03-14
如果没有4个月的向下洗盘，怎么会有第2波，现在买入都是套。我没有这股票，就是来看,03-14
$九安医疗(SZ002432)$还是很强势啊，今天做T失败，不动为好,03-14
$九安医疗(SZ002432)$截止3.14号5:00正销售评价是96383，祝,03-14
$九安医疗(SZ002432)$目前来看：居家检测替代医院国家支付检测盒的费用，,03-14
请问美国第二批订单中标截止时间是3月14日号吗？因为时差原因，也就是今晚上会公布,03-14
今天没有鸡鸭榜了,03-14
股市的残酷不知多少人追高被套,03-14
$九安医疗(SZ002432)$根据今天这高开低走的态势，明天贴吧里唱多的应该就,03-14
$九安医疗(SZ002432)$3月14日下午，新华日报交汇点记者从常州市疫情防,03-14
$九安医疗(SZ002432)$kg，黑莓，都出来N瑟一下吧，没有听到你们叫，整,03-14
我擦，这么狠，没有榜,03-14
$九安医疗(SZ002432)$仙人指路,03-14
$九安医疗(SZ002432)$今晚没利好公告的话明天大概率会低开，不过没必要害,03-14
$九安医疗(SZ002432)$明天开始九安医疗十一个一字跌停,03-14
$九安医疗(SZ002432)$万孚生物盘后出利好。首先是吉林订购1000万份居,03-14
【大A桃花：资金流向-每日总结】2022-03-14,03-14
$九安医疗(SZ002432)$[哭][哭][哭]为什么又要买九安,03-14
抖音上买了1个多亿的那人估计今天出了,03-14
$九安医疗(SZ002432)$估计晚上再来个消息发酵。明天就是反包,03-14
$九安医疗(SZ002432)$上午我还想格局下，主力不厚道偷袭，我想再怎样今天,03-14
新冠最后的利好都走成这样，没戏了。,03-14
$九安医疗(SZ002432)$洗的盘呀,03-14
$九安医疗(SZ002432)$空仓版！今日龙虎榜单及明日策略（03.14.17,03-14
$九安医疗(SZ002432)$人气这么高？看来主力出货还需要时间,03-14
盛久必衰，衰久必盛！古之规也。慎之慎之[得意][得意],03-14
早盘7个点出局！心情轻松,03-14
九爷对家人还是挺好的，基本全部解套了，今天竞价不及预期，五个点我就开溜了[旺柴],03-14
转发,03-14
完了，主力今天出了100多亿货。明天主力没有货，只能散户胡砸了。估计得三个跌停起,03-14
怎么这个票突然这么多人,03-14
$九安医疗(SZ002432)$周末抗原自测的利好，在今天变成热干面。其实可以避,03-14
成本负14的都没有跑，怎么才赚10几个点的忙着抛，好好的一个票弄成这样子,03-14
$中国医药(SH600056)$$九安医疗(SZ002432)$$万孚生物(SZ,03-14
有点脑子都知道散户能有百手单？不是说没有，但是真正拉跟砸的都是500手以上的，随,03-14
现在是C浪调整期，慎重,03-14
$九安医疗(SZ002432)$今天早盘集合竞价最后两分钟分享的，非常强势,03-14
$九安医疗(SZ002432)$能让股民赚钱的公司才是好公司，小弟不才，在九安只,03-14
$九安医疗(SZ002432)$我在水下等你过今天再来玩了,03-14
转发,03-14
这票我放弃了，中午都爆这么大量都上不去，下午就下来吧,03-14
今天新冠检测没有涨多少,03-14
个人认为今天由于新冠检测高开获利资金离场造成短期下探，目前应该还是热点。,03-14
月底破100.4月150,03-14
$九安医疗(SZ002432)$我想问一下明天假如高开你们到底追呢还是不追呢？,03-14
今天龙虎榜凭啥没你？,03-14
$九安医疗(SZ002432)$兄弟们看看大盘。今天是普跌。能红都不错了还想怎么,03-14
其实要不是大盘这么砸，我还是相信今天能板的，坚持看好！,03-14
44应该是见底信号，今天跌停不可能，将在此反复筑底，下午必将上演反转好戏，我已经,03-14
nm，这昨天尽流入六七个亿，今天就出了吗。图啥呀,03-14
$中国医药(SH600056)$$万孚生物(SZ300482)$$九安医疗(SZ,03-14
今天主力流出14亿，今天没有卖出，或者接盘的，明天直接闷杀，跌停是百分百的，不信,03-14
长期趋势,03-14
$九安医疗(SZ002432)$人气第一名,03-14
$九安医疗(SZ002432)$吉林已购试剂盒发吉大,03-14
$九安医疗(SZ002432)$[哈欠][哈欠],03-14
$九安医疗(SZ002432)$今天买在高位又亏了100！高位站岗会很冷的。,03-14
$九安医疗(SZ002432)$今天放量，明天危险了,03-14
$九安医疗(SZ002432)$我有个疑问，如果如果九安在国外市场失去优势，损失,03-14
一下吸引了这么多多韭菜进来成交71亿，好家伙，你们可想过没有44多弹到60多，今,03-14
$九安医疗(SZ002432)$加油[看多][看多][看多][看多],03-14
收盘了又到了夜盘时间了。第一利好国内拿到销售牌照。第二利好收到已交货的尾款。第三,03-14
半天50亿天量，怕不怕？这砸下来就玩完了,03-14
$九安医疗(SZ002432)$如明天开市都没有收到货款公告，就天大的事了！！！,03-14
$九安医疗(SZ002432)$这票前几天听朋友提过一嘴，吧里的老人有没有给讲一,03-14
高位放量上涨，小散们可以百度一下。,03-14
$九安医疗(SZ002432)$被套了，,03-14
明天早盘估计一大波散户又要交出带血筹码。,03-14
应该是透支未来20年的涨幅了[大笑],03-14
新冠不及预期，下午何去何从大家好，我是取经人，今天是2022/3/14日。下午简,03-14
$九安医疗(SZ002432)$日本glox的官网年前的公告，董秘也回复了目前在,03-14
$九安医疗(SZ002432)$今天早上走、上周五进、两天收益15个点、谢谢庄家,03-14
$九安医疗(SZ002432)$欺人太甚，兄弟们走，为国护盘去[微笑],03-14
说要15板的兄弟你出来，今天你追高了，感觉如何[呲牙]，当真以为庄家的钱是大风刮,03-14
九安配得上新冠自检板块的龙头、旗手的称号。只要九安不倒，整个板块第二次上冲就能持,03-14
财经评论员,03-14
$九安医疗(SZ002432)$哪个wbd砸的，出来一下，绝不用手，用两只人字拖,03-14
主力都流出十几亿了，还能这么坚挺。是不是说明有人承接，或者换主力了呀，不然散户肯,03-14
今天榜有意思了,03-14
$九安医疗(SZ002432)$为什么会跳水,03-14
$九安医疗(SZ002432)$说九安今天跳水明天跌停的空苟，你们去看看今天的4,03-14
$九安医疗(SZ002432)$今天没龙虎榜么,03-14
榜呢？,03-14
$九安医疗(SZ002432)$64.6成功清仓，祝留下发财。落袋为安。,03-14
今天是外资出局了，明天低开补3/1仓。干就完事了，奥力给，,03-14
十万元实盘记录，第三天。,03-14
$九安医疗(SZ002432)$今天没榜啊,03-14
问下专业的股友，几点可以挂竞价，优先数量多，金额高的我知道，，谢谢,03-14
$九安医疗(SZ002432)$完蛋，天量出货，，但看着也不像，总不能小散们,03-14
多谢九安，这两天直接回本，吃了十五个点[微笑],03-14
新冠疫情分歧了，如何操作？,03-14
$九安医疗(SZ002432)$同处天津的红日有可能比九安更早获批。,03-14
散户解套盘跑的飞起啊 你跑啥？涨停大单封住你跑啥？韭菜就是韭菜,03-14
龙头已经过气了，变成废物,03-14
$九安医疗(SZ002432)$第一批没九安，大家心里都有数，第二国内也是为了提,03-14
$九安医疗(SZ002432)$我就不信拉萨的家人进了十几个亿的货让主力跑了,03-14
$九安医疗(SZ002432)$明天不好过了,03-14
$九安医疗(SZ002432)$62.5杀进来的，以为3分钟可以结束战斗[滴汗],03-14
71亿的成交量，换手率24％，龙虎榜那？这明显是换庄了,03-14
$九安医疗(SZ002432)$出货二十亿。明天跌停开盘了，看谁跑的快。,03-14
$九安医疗(SZ002432)$今天盘面看的我实在是忙不过来的那种情绪了，外围局,03-14
九安医疗3月14日快速上涨,03-14
$九安医疗(SZ002432)$这么大量，散户肯定进不了前买5,03-14
满仓竞价进的又被挂在天上了,03-14
3.14盘前策略，新冠线分支及踏空资金可能选择的方向,03-14
明日的看点...,03-14
$九安医疗(SZ002432)$死亡换手加天量，明天看谁跑的快,03-14
今天没有榜么[微笑],03-14
大盘为什么跌？,03-14
$九安医疗(SZ002432)$叫你们低调一点，一发连续涨停表，第二天都是芭比Q,03-14
奥泰生物！,03-14
$九安医疗(SZ002432)$跑了15亿，没榜,03-14
$九安医疗(SZ002432)$利润率70%的80%也就是56%净利润，每股收益,03-14
今天有榜嘛,03-14
瞧一瞧，看一看啦，短线大牛，走过路过不要错过了,03-14
因涨停价主力不喜欢，所以今天不涨停。明天开始重新算。1板65.652板72.22,03-14
九安要上架卖，零售卖得比肯定比那些公司的好[大笑]有空去淘宝京东看看九安旗舰店吧,03-14
$九安医疗(SZ002432)$第一批就算没有九爷，也不影响九爷周一一字，这很明,03-14
只有5家公司，九安不在名单，不跌停也要大跌,03-14
$万孚生物(SZ300482)$$九安医疗(SZ002432)$$华大基因(SZ,03-14
$九安医疗(SZ002432)$自检的消息周四就出来了，周五中午那个文件就在传了,03-14
九安报价高，如果再卖给中国报价低反而不是好事情，不如让给别人做,03-14
国内自测，没有九安的事情，私企背景不够，哈哈哈,03-14
周一到周五，一字，一百万封单,03-14
$九安医疗(SZ002432)$那么大换手率没榜吗,03-14
马上出一季度预报了拿稳,03-14
$九安医疗(SZ002432)$今天的走势很完美很优美。上一个交易日在最高的买进,03-14
看到了,03-14
看来九安必须要到本月28日开完临时股东大会，通过注册修改，才能被批准进入国内市场,03-14
$九安医疗(SZ002432)$欧洲涨，明天一字板涨停开盘，有没有给我上车的,03-14
今天晚上公布回货款情况,03-14
九安没稳住,03-14
$九安医疗(SZ002432)$都还在等季报和订单吗？醒醒吧铁子，不用看都知道季,03-14
3个跌停板,03-14
卧槽，居然跳水[笑哭],03-14
九安没榜？,03-14
看今天龙虎榜,03-14
$九安医疗(SZ002432)$这都没上龙虎榜？,03-14
聊聊九安 后续走势,03-14
$九安医疗(SZ002432)$今天没有猫榜吗？,03-14
没有猫蛇榜,03-14
$九安医疗(SZ002432)$没了，明天估计得低开了，哎，后悔，今天进的,03-14
$九安医疗(SZ002432)$开心过头没好事,03-14
6196卖的，得到了6184，手续费太高了吧？,03-14
这种票敢买入的散户都是真英雄！！！,03-14
重磅消息！万孚生物审批的不是自测，而且医疗机构用的专业版！药店零售的自测没有一家审批,03-14
$九安医疗(SZ002432)$上周五提前跑路了，不知是好是坏,03-14
成交额70个亿，真想看看榜单，可惜没有,03-14
$九安医疗(SZ002432)$依然是人气第一。加油九安,03-14
这2个分时图形态，可以直接判断是买入信号,03-14
$九安医疗(SZ002432)$爆炒过后一地鸡毛，散户接盘，还不如复星医药，迟早,03-14
完了，又套了71亿资金盘,03-14
$九安医疗(SZ002432)$被包饺子了,03-14
不用悲观，九安一直以来的走势，前一天涨停后放量的，基本上都是多板的启动，不行的可,03-14
$九安医疗(SZ002432)$有些人真的是太操心别人了，我谢谢你的善心哦，44,03-14
$九安医疗(SZ002432)$看图说话,03-14
转发,03-14
$九安医疗(SZ002432)$大家感觉没有九安只要上了9个点没有冲上去百分之9,03-14
给大家汇报一个情况：我复盘了2月7号-3月10号所有资金。天津新华这个老庄货已经,03-14
$九安医疗(SZ002432)$今天的心情有如坐过山车。信心满满的。。结果。哈哈,03-14
抗原有什么用！就目前的体制，情况来看，都是做免费核酸！除了极个别出差人员自费！这,03-14
$九安医疗(SZ002432)$目前九安炒作的逻辑是吃下米国第二批订单，这样接下,03-14
$九安医疗(SZ002432)$明天开始大三浪下跌,03-14
高位的利好呵呵呵，自己去判断，反正我不碰,03-14
上周热点回顾：两会胜利落幕、2月金融统计报告出炉......,03-14
$九安医疗(SZ002432)$盘中富贵，基本没操作心里落差太大了没能控制好情绪,03-14
明天全部活埋的节奏，快挂上跌停排队吧,03-14
$九安医疗(SZ002432)$国内疫情创阶段性新高，明天九安至少高开，三个点以,03-14
不用太担心，业绩为王,03-14
今晚没公告就完了,03-14
$九安医疗(SZ002432)$今天成交量这么大，流出这么多都可以收红，明显有资,03-14
上个星期五的公告出早了，要是今天早上出，起码会升一点,03-14
明天只有2个数要么就是53.63要么就是65.65,03-14
【某安医疗】期转银，银转证，准备就绪，周一压涨！,03-14
$九安医疗(SZ002432)$我梭哈了，你们随意。上一次梭哈输个精光，这次不知,03-14
$九安医疗(SZ002432)$对九安来说是不是利空了啊，国内还没有市场,03-14
明天可以抄底了！把底裤留好[呲牙][呲牙],03-14
$九安医疗(SZ002432)$周五买了十个亿，今天坐等吃肉,03-14
大A就是一个软骨头，动不动就大跌。,03-14
不多说，自己看,03-14
$九安医疗(SZ002432)$一天十四个亿，牛逼，散户明天拔网线,03-14
这是我昨天告诉九安医疗兄弟姐妹们的：今天应该早盘出来，尾盘接货，因为今天晚上很有,03-14
主力进了这么多，跌停板咋出货？,03-14
今天晚上公布回货款情况，如果早盘不涨停板，就暂时出来了，休息休息，坐等中国医药哪,03-14
$雅本化学(SZ300261)$$九安医疗(SZ002432)$$亿利洁能(SH,03-14
草卖不出去招商证券,03-14
$九安医疗(SZ002432)$明天要涨要跌主力说了算,03-14
新冠检测板块那么多，龙头就属九安了，趋势超强，明天涨J，涨停！,03-14
德国疫情排名第一，又日增24万，热景在德国自测买的最好。国内已经在审批中，下周见分晓,03-14
//@简爱Xy :点赞转发留言.跟随老师不迷路[献花][赞][赞][赞],03-14
德不配位，一天就被证伪了。再找其他板块拉吧[大哭],03-14
$九安医疗(SZ002432)$今天追高的来报个名，都是多少的本,03-14
$九安医疗(SZ002432)$这波不到44.88不上车。,03-14
$九安医疗(SZ002432)$成本55慌的一匹,03-14
今晚出公告吗,03-14
明天大涨准备拿好筹码,03-14
现在才去国内申请等批下来都猴年马月了,03-14
$九安医疗(SZ002432)$要一字版了，别问了。,03-14
今天清仓了，择机再入,03-14
新冠自测受益最全名单,03-14
$九安医疗(SZ002432)$趋势向好，但是没有九安确实是利空。这股本来就靠着,03-14
$九安医疗(SZ002432)$都是人才，装大神，股市知道哦为啥小散会赔嘛，那是,03-14
$九安医疗(SZ002432)$会卖的才是师傅啊，今天是失败的一天,03-14
A股三大空头：中信证券，青山集团，中粮，还有的请大家补充！,03-14
$九安医疗(SZ002432)$戏剧性开盘封板20万手收盘差点绿,03-14
可以,03-14
纵观世界，实战单。我们今日减仓九安是对还是错？,03-14
$九安医疗(SZ002432)$手贱，亏了1000块，不然今天是赚钱的，不会就不,03-14
中国医药3版到手，成哥给力啊，幸亏一直没出,03-14
东数西算+数据中心+大数据+边缘计算+新基建+数字孪生，股价即将起飞！,03-14
大盘竟然跌了2.6%！,03-14
$九安医疗(SZ002432)$我来发个帖子吧。管他明天红绿呢，疫情期间买疫情股,03-14
疫情线机会梳理与自我总结（愿世界平和安康）,03-14
$九安医疗(SZ002432)$[吃瓜][吃瓜][吃瓜][吃瓜]为什么没有人听呢,03-14
全部活埋,03-14
$九安医疗(SZ002432)$资讯才挂了2天不到就撤了，老九安都懂的[旺柴],03-14
心疼今天顶板的兄弟。respect,03-14
转发,03-14
尾盘成功加仓做了完美T明天继续抄底,03-14
$九安医疗(SZ002432)$尾盘恐慌跑路,03-14
A股三大空头：中信证券，青山集团，中粮，还有的请大家补充！,03-14
$九安医疗(SZ002432)$尾盘恐慌跑路,03-14
$九安医疗(SZ002432)$兄弟们，你们还好吗,03-14
$九安医疗(SZ002432)$主力真会玩，每天带个8收盘，53.98，59.3,03-14
今天63元买进亏了6个点，成了接盘侠,03-14
$九安医疗(SZ002432)$潜伏的大资金已经出货，看一下九安医疗能不能凭借超,03-14
$九安医疗(SZ002432)$已经挂跌停价卖到了，周一给不给机会看运气了，这东,03-14
疫情时代妖股是九安医疗！后疫情时代，需要稳经济时代，需要引领经济发展的方向，一个,03-14
因为招商系统崩溃，追高没买上。高抛的也没没跑，账户其实差不多，反正都是面。,03-14
$九安医疗(SZ002432)$慌,03-14
$九安医疗(SZ002432)$有些人不知道在想什么，炒作只需要一个借口，管他九,03-14
不要慌不要急不要听说今天九安还是可以的,03-14
锂矿可能反攻,03-14
明天反包[旺柴][抱拳],03-14
明天套人,03-14
我走了兄弟们早上赚6000没走现在只剩下1000走了祝大家多赚点,03-14
超级大利空！,03-14
$九安医疗(SZ002432)$怕踏空没敢做T，悔啊,03-14
$九安医疗(SZ002432)$相信我，下午涨停，所以要上车的赶紧上，要不等想上,03-14
今天有榜么,03-14
我站在高岗上向上望啊，那一片红波88.88啥时候能涌过啊！我站在高岗上向下望啊，,03-14
上午1200股卖干净了，明天跌停可能再买,03-14
病毒已经不强了，有票得出，没票的不要在进了。,03-14
迪安诊断(300244)在回复投资者提问时表示，公司新冠病毒抗原检测试剂盒主要在,03-14
人多的地方就发套,03-14
上星期五不是把一堆拉萨给洗出去了吗？,03-14
今早排着队进！明早排着队跑！[捂脸][捂脸][捂脸],03-14
$九安医疗(SZ002432)$有没有跟我一样65买进来的，想骂人的有没有,03-14
$九安医疗(SZ002432)$今天有赚钱的吗,03-14
明日跌停开盘收盘涨停，不然不稳容易掉下床[大笑]，少说话多挣钱，不然韭菜心里有数,03-14
$九安医疗(SZ002432)$我去,03-14
转发,03-14
今天没跑成被招商证券害死了，，明天估计要吃大面了,03-14
还好走了100w，不然又白玩，谢谢,03-14
$九安医疗(SZ002432)$亏了,03-14
$九安医疗(SZ002432)$公告出来了，只是变更，还不能卖！再说九安又不是炒,03-14
$九安医疗(SZ002432)$源深路涨停位买进4万手2个亿。。昨天说好的看到8,03-14
重大利好：东方生物未取得国内认证！！！！！！,03-14
小师妹最近分享的几只股都还行吧？吉翔股份、今日涨停金种子酒、今日涨停中坚科技、今,03-14
$雅本化学(SZ300261)$$九安医疗(SZ002432)$依旧强烈看好后疫,03-14
$九安医疗(SZ002432)$25%利润，足够了！,03-14
你们都慌个几把，九子不会直接按地板的,03-14
有点失望！希望明天跌停！,03-14
放心，疫情那么严重，九安还会有大单合同的，只要守住寂寞，阳光总在风雨后,03-14
今晚来个公告吧，不然明天危险[捂脸],03-14
$九安医疗(SZ002432)$今天成交量这么大，有没有龙虎榜,03-14
活口在哪,03-14
$九安医疗(SZ002432)$上午挂65元3000股，奔着打板去的，板是打进去,03-14
$九安医疗(SZ002432)$心疼韭菜，从周五就说要逢高卖出，不要追高，但是就,03-14
$九安医疗(SZ002432)$虽然九安玩的时间长了有感情，但是今天开盘前批准了,03-14
首先，为什么让其它企业先上市，因为他们没那么大的订单要完成交付，而现在九安才完成,03-14
$九安医疗(SZ002432)$今天晚上继续涨停啊，买不进了。赶紧顶板！！,03-14
怎么确定美国没中标？,03-14
九安下周阻力。64元注意风险把空。这是日线技术分享,03-14
这就是典型的拉高出货，说洗盘的都是SZ，尾盘下跌原因1.国内注册没通过，美国应该,03-14
3.11复盘，下周这个方向要爆,03-14
集合来看，都顶一字了，没顶一字的都低于预期，但是集合来看可能比较理智，因为顶太多,03-14
明天一字跌停，看谁跑得快[哭][哭][哭],03-14
明天去亚太药业了[呲牙][呲牙][呲牙],03-14
