外资卖出金额大幅减少净  东方财富、贵州茅台依旧被卖,03-17
$腾讯控股(HK|00700)$3.16～,03-17
$腾讯控股(HK|00700)$小心回调,03-17
事关2亿人 微信支付联合微保推出的数字化解决方案值得关注,03-17
国务院金融委：稳妥推进并尽快完成大型平台公司整改工作,03-17
$腾讯控股(HK|00700)$十年前听段永平的买了苹果，贵州茅台，巴菲特公司并,03-17
腾讯暴涨23%，一天回本,03-17
资深财经自媒体人,03-17
主力资金大买200亿  助力指数反攻成功,03-16
改了! 微信、抖音、淘宝、今日头条等关闭了这一按钮,03-16
牛市来了[哈欠],03-16
今天牛逼,03-16
美股中概股大涨，腾讯概念大涨25%，明天回到400,03-16
中概、恒指跌出天际，未来的希望在哪里？谁给了我贪婪的勇气？,03-16
怎么办啊。488的本。亏了23万了。。。,03-16
如果腾讯继续暴跌50%,03-16
$腾讯控股(HK|00700)$盈利能力不支持这么高的股价，最多200元！,03-16
惊天大利好！散户如何预判与把握突发行情？,03-16
腾讯控股获南向资金连续10天净买入,03-16
$腾讯控股(HK|00700)$这波下跌，就是为了杀韭菜而设计的,03-16
腾讯创下297港元近4年来的新低！机会难逢！,03-16
中概股投资近期中概股下跌绵绵不绝，但对投资者来说却属于天上下金子的时期，即使手头,03-16
明天又是上涨的一天,03-16
$腾讯控股(HK|00700)$一天就能回血我的小企鹅爱你,03-16
$腾讯控股(HK|00700)$今天大家都加仓了吗？多少价位加的？,03-16
风险？什么风险，我看得到只有遍地黄金,03-16
游戏又迎强监管！限制未成年人网游、直播消费额,03-16
始料未及的大跌，又一次刷新了很多人的三观，之前的支撑线、生命线全都不管用了，过往,03-16
如果中概股退市，会血本无归么？,03-16
$腾讯控股(HK|00700)$反正阿里也在搞的东数西算，港股通互联网ETF15,03-16
今天是带了多少韭菜入坑啊，明天直接底开70个点，一个都跑不了，然后收盘价100元,03-16
$腾讯控股(HK|00700)$我在260等着你,03-16
暴力反弹！别小看我大“十分”,03-16
不以涨喜，不以跌悲~,03-16
恒生科技指数涨近18% 腾讯控股、阿里巴巴均涨超20%,03-16
一根大阳线，千军万马来相见！,03-16
陌上春归！A股政策底显现，为何不会是一日游？,03-16
知名财经自媒体,03-16
抄底时机不买没机会，这么便宜的筹码。不捡是傻瓜明年又要新高,03-16
港股V型反弹！腾讯阿里美团京东总市值约1.47万亿港元,03-16
北京猎云万罗科技有限公司,03-16
写在中概股、中概互联基金危难之际,03-16
市场全线上涨，反转买入时机在哪？,03-16
财经自媒体,03-16
老段腾讯马上要跌到300了快点来买呀[呲牙][呲牙],03-16
国务院研究了宏观经济、中概股等问题，释放了哪些信号？,03-16
如何面对大幅波动的港通互联网,03-16
富国基金管理有限公司,03-16
涨停、跌停再涨停，“妖股”上演“天地天板”！股民直呼“好刺激！第一次见”,03-16
华宝基金管理有限公司,03-16
乌拉！,03-16
恒生科技指数创单日最大涨幅？段永平真成功抄底了？,03-16
"2022年3月16日百万实盘日志(197W, +15.7W)",03-16
你可以永远相信国家,03-16
$腾讯控股(HK|00700)$雪崩时，没有一片雪花觉得自己有责任。,03-16
快手今年是真的惨了,03-16
恐慌制造机会 段永平要减仓“伯克希尔”转买腾讯 类似2014年茅台机会出现？,03-16
腾讯控股连续10天获南向资金净买入,03-16
$腾讯控股(HK|00700)$这是谁拉高让段永平跑的，他又做了一手好套,03-16
$腾讯控股(HK|00700)$这是谁拉高让段永平跑的，他又做了一手好套,03-16
港股的行情其实情绪面大于基本面,03-16
吓的我把仓位全清了，这小跌5个点，指数都得跌至少3%，个股又是10个点起步跌幅,03-16
$腾讯控股(HK|00700)$港股买不起啊[哭][哭],03-16
明天又是涨的一天,03-16
恒生科技指数涨幅一度涨20% 多股涨幅超30%,03-16
2022年3月16日复盘（昨日分析验证，致新关注的朋友：结构分析是什么？）,03-16
涨停复盘：162股跌停!  抗疫板块失去最后的龙头标杆！,03-16
“把茅台集团董事长灌醉了给我定价权！”潘长江：根本没说过这句话！茅台集团：宣传不属实！,03-16
华宝基金管理有限公司,03-16
$腾讯控股(HK|00700)$第一次买港股，为啥我持仓里现价才287，是t+1,03-16
不出所料，恒生科技大涨,03-16
还是港股好玩！,03-16
易讯通，马上要从三板上市创业板，快入手。,03-16
港股全线大反攻！港股互联网ETF（513770）封死涨停，标的指数飙升23.49%，明天怎么走？,03-16
中概股和港股通互联网发生联动效应,03-16
富国基金管理有限公司,03-16
港股全线大反攻！港股互联网ETF（513770）封死涨停，标的指数飙升23.49%，明天怎么走？,03-16
华宝基金管理有限公司,03-16
港股全线大反攻！港股互联网ETF（513770）封死涨停，标的指数飙升23.49%，明天怎么走？,03-16
超级巴飞特自媒体平台,03-16
$腾讯控股(HK|00700)$卖了一股伯克希尔补仓腾讯,03-16
$腾讯控股(HK|00700)$段永平真神人！！！！！,03-16
南向资金继续大幅流入港股市场,03-16
富国基金管理有限公司,03-16
逢低加仓，就当做波段了,03-16
$腾讯控股(HK|00700)$巨阳！,03-16
等恒生互联网跌到位了继续加仓,03-16
近期数字经济表现火爆，产业数字化升级是互联网企业一大增长点。,03-16
大厂裁员？真相都在这里,03-16
又不是要把互联网公司打死了，总是杞人忧天干什么,03-16
做空鱼尾行情，明显有短线资金参与，各种管理办法落地，后续加码概率不大了，做空趁还,03-16
大奇迹日来了！港股科技股猛烈反攻！恒科指暴涨超22% B站涨逾40% 京东、快手涨超30%,03-16
恒生科技在等一年吧，估计明年会好过点,03-16
$腾讯控股(HK|00700)$今天回血8万，还差我8万[哭]在路上[哭],03-16
现在港股通159711现在建仓的位置还是很低的,03-16
水准差的一踏湖涂，还哂个球,03-16
现在港股是比较合适的配置时机了，看看这反弹力度,03-16
比股价上涨更重要的是――2022年3月16日股市收评,03-16
腾讯控股盘中拉升涨近9% 最新总市值为3.11万亿港元,03-16
老段也不是神，资本大佬哪有好人。,03-16
$腾讯控股(HK|00700)$ADR又跌了那么多，明天腾讯怎么办，怎么办,03-16
$腾讯控股(HK|00700)$有方丈在就不能太放肆[大笑],03-16
#段永平抄底腾讯，你要不要抄底段永平？#抄毛,03-16
送的京东股票什么时候到账？,03-16
港股开盘｜恒指跌3.07% 恒生科技指数跌5.54% 腾讯跌超8%,03-16
信心比黄金更重要,03-16
知名财经自媒体,03-16
$腾讯控股(HK|00700)$今天进的，明天会不会被活埋,03-16
这一大波洗尽铅华，后势可期,03-16
$腾讯控股(HK|00700)$直接拉20%以上哦,03-16
鹅厂：把我跌没了，就剩个鸟了[捂脸],03-16
段永平要卖苹果买腾讯，港股大涨；康师傅启动下架回收股价跌幅收窄；特步全年收入创下百亿元新纪录|中企十条,03-16
美速通商务咨询上海有限公司北京分公司,03-16
大跌之后大涨，中概股怎么了？,03-16
上海蔓盈信息科技有限公司,03-16
珍惜350的腾讯吧[奸笑],03-16
三百以下见,03-16
抬拉指数无任何意义，看多空投机取巧主流,03-16
$腾讯控股(HK|00700)$这个是t+0吗,03-16
腾讯控股(00700.HK)短线下挫，现跌超8%,03-16
底部放量要涨一丈,03-16
$腾讯控股(HK|00700)$299.2买的,03-16
京东、美团、阿里更刺激。,03-16
$腾讯控股(HK|00700)$稳妥推进并尽快完成大型平台公司整改工作，红灯、绿,03-16
$腾讯控股(HK|00700)$3.15晚会会聊什么？,03-16
$腾讯控股(HK|00700)$昨天是谁卖的？,03-16
$腾讯控股(HK|00700)$底部标准倒垂线,03-16
300以下的腾讯估计再也不会有了~,03-16
$腾讯控股(HK|00700)$这拉法再来个两三天不就回到历史高位了[呲牙],03-16
第一次遇见2天跌20%，也第一次遇见一天涨20%，真是牛,03-16
$腾讯控股(HK|00700)$原来还能涨幅还能超过10%啊！！！,03-16
腾讯跌破300港元！段永平：不等了！卖苹果、卖伯克希尔 “抄底”腾讯！,03-16
我就一个问题：今晚如果美股跌了，明天怎么办？,03-16
$腾讯控股(HK|00700)$怎么没涨停板[傲][傲][傲],03-16
$腾讯控股(HK|00700)$今天开盘之前说段不行的还比比皆是，现在又出来说是,03-16
牛逼的不要不要的[赞],03-16
$腾讯控股(HK|00700)$看外资的态度吧！外资不认可明天反杀,03-16
港股不应全面悲观,03-16
富国基金管理有限公司,03-16
$腾讯控股(HK|00700)$这肉吃的胆战心惊的，顶住压力[鼓掌],03-16
在这里唱多的，都是被套牢的。他不套牢，他根本不需要唱多。就好比，一个动物在吃东西,03-16
华鑫上海缺席龙虎榜，跌到AI机器人都不玩儿了？,03-16
盘中大涨超20%，抄底阿里、腾讯，段永平为什么这么敢“赌”？,03-16
财经自媒体,03-16
今天还会跌的，收盘6%―8%，哥们你有种。晚上美股大跌的话，关灯吃面。懂的哈。你,03-16
[图片],03-16
[图片],03-16
现在可以抄底腾讯了,03-16
这么大的量，这么大的涨幅，关键是大佬和机构在玩。,03-16
腾讯控股：约1.2亿股奖励股份行使权价调整,03-16
$腾讯控股(HK|00700)$别涨了，再涨我就回本了！,03-16
小心，非洲人开始出货了，他这时候出，是绝对明白人。,03-16
大奇迹日！,03-16
大奇迹日来了！港股科技股猛烈反攻！恒科指暴涨超20%,03-16
$腾讯控股(HK|00700)$看来380破不了了,03-16
大盘失守3100点，知名私募紧急解读：降低仓位，耐心等布局机会！,03-16
华宝基金管理有限公司,03-16
一年赚二千亿市值3.5万亿，值不值大家算算！,03-16
300以下的腾讯是绝版，400以下的腾讯要珍惜。,03-16
人生第一次，这么大的盘两天暴跌20%，一天又暴涨23%，大起大落，过山车！真刺激,03-16
厉害了，腾讯控股这两天成交金额达到大约700亿，龙头就是龙头,03-16
做股票三年多以来，今天首次观看最激烈的多空大战。刺激、兴奋、后悔。,03-16
$快手-W(HK|01024)$$腾讯控股(HK|00700)$你现在不出，晚上,03-16
$腾讯控股(HK|00700)$决胜气质，战场不止在边境线。对企鹅的做空，难道还,03-16
$腾讯控股(HK|00700)$300的腾讯真香,03-16
拉50点,03-16
都已经说400以下腾讯要珍惜。,03-16
腾讯控股大跌10%，跌破300港元关口,03-16
空头快来，该干活了,03-16
我滴乖乖,03-16
逼空大戏哈哈,03-16
$腾讯控股(HK|00700)$大反弹开始了，对于港股通互联网ETF159792,03-16
给我一个面子明天再来一次这样我就赚钱了～,03-16
这才叫反弹,03-16
上面还有那么多缺口，饭要一口一口吃。,03-16
想采访一下，昨天卖的，今天有什么感想。,03-16
宜将剩勇追穷寇，干爆空头,03-16
重磅利好！腾讯控股大涨！,03-16
政策底已出现，大胆抄底的第一个必要条件有了,03-16
段永平再度发声,03-16
明天给你跌成狗。,03-16
山重水复疑无路,03-16
明天再来一次才能回本,03-16
明天能涨吗？,03-16
抄了腾讯底的就别卖了，为什么要卖个外资？,03-16
段永平，是真牛逼,03-16
$腾讯控股(HK|00700)$段永平来了,03-16
腾讯控股经过这A五浪下跌之后，做出个底部，完了再进行一个大B浪反弹，第一目标位大,03-16
$腾讯控股(HK|00700)$哪位大神知道京东股票何时到账？谢谢,03-16
$腾讯控股(HK|00700)$300买的，309卖了，爽,03-16
段老板成功抄底了,03-16
$片仔癀(SH600436)$$贵州茅台(SH600519)$$腾讯控股(HK|,03-16
$腾讯控股(HK|00700)$本月探出的低点，就是今年的低点，月线漫步回中轨，,03-16
发生了什么？,03-16
长城基金曲少杰：已逼近2016年初的低点，30年来首次触及250月均线长期支撑位。,03-16
长城基金管理有限公司,03-16
佩服段永平！,03-16
哎，就差我那100股么？为了让我交筹码动用这么大资金。昨天割肉卖了，你满意了，今,03-16
港股跌回2008，底部最重要的不是加仓！,03-16
财经自媒体人,03-16
跌市窝轮交易往往忽略的因素,03-16
$腾讯控股(HK|00700)$求求你涨停，孙子跪下来求你了,03-16
$腾讯控股(HK|00700)$跌的时候天天跌涨的时候一日游,03-16
今天能不能涨30个点,03-16
恒生科技基金经理来信：理性操作、珍惜3000点的恒生科技,03-16
天弘基金管理有限公司,03-16
注入强心剂！A股、港股上演大逆转，4个积极信号正在释放,03-16
独立财经观察员,03-16
这大起大落,03-16
300买了，爽！！！,03-16
$腾讯控股(HK|00700)$牛逼,03-16
$腾讯控股(HK|00700)$一天就涨回来了,03-16
$腾讯控股(HK|00700)$诶，说对没买，羡慕死我了，跌的都有我的份儿，涨咋,03-16
港股互联网指数涨幅逼近23%，港股互联网ETF（513770）折价持续飙升！,03-16
超级巴飞特自媒体平台,03-16
$腾讯控股(HK|00700)$段永平一天回本了，真牛逼啊大师！,03-16
$腾讯控股(HK|00700)$逢高还得继续做空哈哈哈,03-16
港股互联网指数涨幅逼近23%，港股互联网ETF（513770）折价持续飙升！,03-16
港股互联网指数涨幅逼近23%，港股互联网ETF（513770）折价持续飙升！,03-16
华宝基金管理有限公司,03-16
撒了个尿，车就开走了！,03-16
$腾讯控股(HK|00700)$果然很牛逼！不愧是核心资产,03-16
就你作妖，赶紧跌停吧,03-16
$腾讯控股(HK|00700)$带头大哥牛逼，反攻,03-16
没钱，只买了2手,03-16
段永平绝对有内幕，前天买的，昨天救市失败，今天成功了，名利双收,03-16
干翻空头,03-16
打爆空狗,03-16
$腾讯控股(HK|00700)$反弹了跑了,03-16
$腾讯控股(HK|00700)$麻痹，331割肉，300没抄回来,03-16
段永平也玩政策底了[偷笑],03-16
$腾讯控股(HK|00700)$美团和阿里都比你高了,03-16
$腾讯控股(HK|00700)$明天再来20点空头,03-16
南向资金今日净买入64.72亿港元 抄底腾讯25.98亿,03-16
跌的狠！涨的也给力呀！,03-16
我就想买一手尝尝万亿市值股那种股东的感觉,03-16
$腾讯控股(HK|00700)$[梭哈][拳头],03-16
$腾讯控股(HK|00700)$不等我,03-16
【恒生科技指数大涨18%腾讯控股、阿里巴巴均涨超20%】恒生科技指数涨幅扩大18,03-16
北京鞭牛互动科技有限公司,03-16
$腾讯控股(HK|00700)$看样子又得绿,03-16
$腾讯控股(HK|00700)$昨天抄底成功哈哈哈，血赚一笔,03-16
国贸盈利市值比比腾讯高一倍,03-16
$腾讯控股(HK|00700)$这是要逼空啊,03-16
$腾讯控股(HK|00700)$太刺激了吧！[傲][傲][傲][傲][傲][傲],03-16
$腾讯控股(HK|00700)$卧槽太牛批了！,03-16
价格越高，负债数目就越大。怎么可以让别人，随意拉升股价那，这样理解不会错的。,03-16
$腾讯控股(HK|00700)$卖盘疯狂,03-16
这个涨跌有限制吗,03-16
$腾讯控股(HK|00700)$老段怕个锤子就减持巴菲特公司的钱够买好多腾讯了,03-16
大哥还是大哥,03-16
止跌企稳？港股上演过山车行情,03-16
$腾讯控股(HK|00700)$1500/35000=4.28%这股价投资的年盈,03-16
6o0的报名,03-16
昨天骂段永平的还在吗[滴汗],03-16
牛逼,03-16
被逼空了哈哈,03-16
现在每次上涨都是出货的机会，加油干,03-16
$腾讯控股(HK|00700)$这么大的盘反弹这么给力…,03-16
京东、B站暴涨超14%！腾讯涨超9%！港股科技股猛烈反攻！南向资金这回抄到底了！,03-16
一阳改三观，正义是不会不到的,03-16
怎么买港股？,03-16
抄到你见底为止，嘿嘿$腾讯控股(HK|00700)$,03-16
港股表现牛逼,03-16
连续拉两天打爆空头,03-16
$腾讯控股(HK|00700)$段永平昨天说，不等了，要抄底。这是有多少人冲着他,03-16
中概股受重挫后，南向资金能止港股跌势吗？,03-16
今天还会跌的，收盘6%―8%，哥们你有种。晚上美股大跌的话，关灯吃面。懂的哈,03-16
昨天喊大家买腾讯，今天就暴涨了24%,03-16
冲锋,03-16
$腾讯控股(HK|00700)$赶紧撤去年盈利只有1500亿左右，支撑不住3.5,03-16
割掉了，亏了20一股，总比昨天割的要好多了,03-16
$腾讯控股(HK|00700)$拉圾上天,03-16
$腾讯控股(HK|00700)$拉圾上天,03-16
恒生科技指数一度涨超18%！腾讯、阿里涨超20%，美团、快手涨28%,03-16
北京和讯在线信息咨询服务有限公司,03-16
$腾讯控股(HK|00700)$叹为观止啊,03-16
脾气太爆,03-16
有钱真好,03-16
这才是报复性反弹,03-16
$腾讯控股(HK|00700)$快点跑,03-16
我想买，忍住了,03-16
段永平爽了,03-16
一日游,03-16
教父段永平还是牛逼成功抄底,03-16
$腾讯控股(HK|00700)$快跑,03-16
$腾讯控股(HK|00700)$快跑,03-16
$腾讯控股(HK|00700)$急眼了！20厘米！这么大市值的大家伙。,03-16
负债2.5万亿快了，马腾哥。你自己的钱，记得还进去哈。你看我好不好，很认真的提醒,03-16
负债2.5万亿快了，马腾哥。你自己的钱，记得还进去哈。你看我好不好，很认真的提醒,03-16
中央定调数字经济的发展方向，互联网作为港股的核心板块，也是香港消费513590重,03-16
$腾讯控股(HK|00700)$今天来个30cm就解套啦,03-16
$腾讯控股(HK|00700)$资本太牛逼了，来回收割，先干爆多头，再干爆空头。,03-16
$腾讯控股(HK|00700)$做空了，再不跑来不及了,03-16
$腾讯控股(HK|00700)$已经做空，今天不有的，明天全部等着看被,03-16
来个30%,03-16
真刺激,03-16
$腾讯控股(HK|00700)$昨天抄底的不得睡觉都笑醒？,03-16
冲啊冲啊,03-16
$腾讯控股(HK|00700)$注意到有个帖子腾讯＋美团＋京东等一堆等于亚马逊的,03-16
$腾讯控股(HK|00700)$哈哈哈，段老加油,03-16
$腾讯控股(HK|00700)$20个点到手,03-16
$腾讯控股(HK|00700)$冲！下周马哥回购你！,03-16
$腾讯控股(HK|00700)$美团腾讯大反弹，底部是一个区域，不买些，也很难跟,03-16
昨天卖出做空的在吗？哭晕在厕所了吧,03-16
喘口气，接着上，今天干到30个点。,03-16
* 恒生科技指数反弹近20%，腾讯、阿里、美团均涨超15%,03-16
北京凯金阿尔法科技有限责任公司,03-16
$腾讯控股(HK|00700)$冲，先收复400,03-16
李嘉诚出手了,03-16
370没有卖出，否则351接回。看来技术还是不行。,03-16
消费的行情很明显已经在回暖的路上了，香港消费513590逢低配置，现在估值筹码价,03-16
别人恐惧我贪婪，抄底港股开始了。对于恒生互联网ETF513330我们能做的唯有坚,03-16
珍惜三百多的腾讯，因为马上两百多了,03-16
活久见。。。,03-16
化腾啊回购拉暴空头！,03-16
金箍棒顶天了。,03-16
$腾讯控股(HK|00700)$用了很多年的企鹅，今天买入点股票支持一下！,03-16
挂单375卖出没有成功,03-16
$腾讯控股(HK|00700)$10日线压力位,03-16
$腾讯控股(HK|00700)$一根大阳线！后面是什么？请大家大声告诉我！,03-16
$腾讯控股(HK|00700)$腾讯涨百分之二十多，6000亿啊，这是啥概念，是,03-16
$腾讯控股(HK|00700)$快抢啊，段永平又抄底了。,03-16
昨天抄底。现在卖了哈哈哈哈,03-16
艾玛握草,03-16
$腾讯控股(HK|00700)$国家队扫货，控股,03-16
国际笑嘻嘻卖一波[呲牙][呲牙][呲牙][呲牙][呲牙],03-16
$腾讯控股(HK|00700)$空中加油！,03-16
只作交流，不做建议。浅说腾讯控股,03-16
空方还是挺狠,03-16
出了25万手，哈哈,03-16
快跑,03-16
牛逼,03-16
$腾讯控股(HK|00700)$卧槽卧槽,03-16
[惊讶]见证历史了。。。,03-16
$腾讯控股(HK|00700)$量化开始砸盘了,03-16
把空狗全部拉爆仓！,03-16
$腾讯控股(HK|00700)$敲里凉，劳资差点割了[哭],03-16
下来了，你们还不赶紧卖了,03-16
【恒生科技指数大涨18%腾讯控股、阿里巴巴均涨超20%】恒生科技指数涨幅扩大18,03-16
北京鞭牛互动科技有限公司,03-16
外资出逃活该,03-16
快跑大家,03-16
谁能想到玩中国市值最大的股票竟然也要具备过山车的大心脏,03-16
疯了吧,03-16
$腾讯控股(HK|00700)$把做空的拉爆,03-16
神秘力量来救场了,03-16
$腾讯控股(HK|00700)$昨天300抄底了325卖了[哭][哭]要涨到40,03-16
$腾讯控股(HK|00700)$哇塞！太疯狂了！昨天买的太少了！,03-16
$腾讯控股(HK|00700)$这是在抢钱吗？买单这么猛,03-16
$腾讯控股(HK|00700)$轧空战斗开始！加油！,03-16
这帮大资金太会玩，3万亿市值这么炒，看看谁能活到最后。,03-16
$腾讯控股(HK|00700)$这波厮杀让人心惊胆战,03-16
乖乖，这么吓人,03-16
$腾讯控股(HK|00700)$昨天全仓买的，现在突然多出30个点[][],03-16
还有没有王法了，这么涨？！,03-16
$腾讯控股(HK|00700)$真是笑话呀哈哈,03-16
说好的跌到300就发力，剑指600。,03-16
继续加油！一天干的400元,03-16
$腾讯控股(HK|00700)$佩服段永平，不亏是中国巴菲特！,03-16
鬼故事呢200呢,03-16
$腾讯控股(HK|00700)$昨天要是抄底了就爽了,03-16
昨天抄底舒服,03-16
索罗斯又要亏大钱了！,03-16
$腾讯控股(HK|00700)$你现在不出，晚上美股大跌，一毛钱不赚。懂的,03-16
让你那些孙子做空腾讯，做空港股，现在知道中国的厉害了吧,03-16
$美团-W(HK|03690)$$腾讯控股(HK|00700)$你现在不出，晚上,03-16
$腾讯控股(HK|00700)$一天涨完的节奏,03-16
$腾讯控股(HK|00700)$发生了什么,03-16
5000多亿跟玩似的[捂脸],03-16
$腾讯控股(HK|00700)$虽然没有买，但是看着都爽,03-16
这周每天都在见证历史,03-16
昨天买了两手，走了，先看看，毕竟罚款没下来呢,03-16
昨天割了！是不是属于东场的人了？[大哭][大哭][大哭],03-16
$腾讯控股(HK|00700)$昨天跌幅10%进仓66万，,03-16
$腾讯控股(HK|00700)$牛,03-16
太疯狂了,03-16
国务院开会啦,03-16
香港消费513590持仓兼顾成长性与价值性，成分股多为成长性较强的中等规模企业，,03-16
这合理吗?,03-16
一天涨6000亿，多大的水分,03-16
希望腾讯控股的多头再接再厉，彻底把恶意做空腾讯控股的机构打爆仓为止！一定要坚决完,03-16
$腾讯控股(HK|00700)$吃肉吃肉[笑哭]还可以,03-16
$腾讯控股(HK|00700)$大哥上山了,03-16
"$腾讯控股(HK|00700)$RNM,昨天刚清掉，今天飞起",03-16
长疯了,03-16
$腾讯控股(HK|00700)$好样的，我的ETF[哭],03-16
打爆空头！,03-16
昨天抄底的老哥一年的利润有了,03-16
$腾讯控股(HK|00700)$20cm了,03-16
10倍杠杆看多，吼吼吼，空头，你过来呀！,03-16
腾讯、网易等游戏大厂陆续布局女性向游戏 女人的钱好赚？,03-16
段哥可以，，，，我服,03-16
$腾讯控股(HK|00700)$牛Bclassic,03-16
段永平要是昨天全仓抄底腾讯可就赚大了,03-16
$腾讯控股(HK|00700)$519还有吗？有比519高的吗？,03-16
$腾讯控股(HK|00700)$妹的！上下蹦极，今年一整年都这样,03-16
$腾讯控股(HK|00700)$吃药了????,03-16
$腾讯控股(HK|00700)$有钱赚就跑。明天我的筹码，就出给他,03-16
明天腾讯又给砸-30%。先留言[下跌],03-16
$腾讯控股(HK|00700)$哈哈哈，昨天老段补仓了没有啊？大好的机会啊,03-16
活久见,03-16
大逆转！科技股暴力反弹，超100亿资金曾抄底腾讯美团,03-16
深圳市时代华盛网络科技有限公司,03-16
500买的，啥时候解套,03-16
$腾讯控股(HK|00700)$国际形势扑朔迷离，港股大A都不具备牛市特征，今日,03-16
$腾讯控股(HK|00700)$又让老段超到底了,03-16
$腾讯控股(HK|00700)$昨天割了，今天就这样？,03-16
好,03-16
$腾讯控股(HK|00700)$一个字爽,03-16
$腾讯控股(HK|00700)$不买腾讯，都不知道再去买什么公司，该超底了，就算,03-16
错过了茅台，能错过腾讯？,03-16
$腾讯控股(HK|00700)$昨天没抄今天刚开户,03-16
涨是为了更好的收割,03-16
港股互联网ETF（513770）涨停！HKC互联网指数盘中暴涨14.5%,03-16
超级巴飞特自媒体平台,03-16
港股互联网ETF（513770）涨停！HKC互联网指数盘中暴涨14.5%,03-16
港股互联网ETF（513770）涨停！HKC互联网指数盘中暴涨14.5%,03-16
华宝基金管理有限公司,03-16
大奇迹日,03-16
$腾讯控股(HK|00700)$好猛,03-16
打爆空头,03-16
$腾讯控股(HK|00700)$段哥威武,03-16
270再说了,03-16
知名投资者段永平表示要卖苹果买腾讯,03-16
好,03-16
$腾讯控股(HK|00700)$牛掰,03-16
$腾讯控股(HK|00700)$太疯狂了,03-16
现在买入，3年一倍太稳了,03-16
$腾讯控股(HK|00700)$怎么上去的怎么下来，只是看几天创新低了。,03-16
段总手法还是厉害啊,03-16
$腾讯控股(HK|00700)$老段如果说卖可口可乐，买茅台，五粮液白酒如何,03-16
不要急，等震荡几天再说,03-16
反弹序章！,03-16
靠游戏发家，应该跌到0,03-16
$腾讯控股(HK|00700)$腾讯的套路就是开盘即巅峰，收盘变狗熊。,03-16
这是在吸筹码呢，下午肯定绿，支撑不住的,03-16
有港股账号的赶紧买。,03-16
$腾讯控股(HK|00700)$300以下的腾讯不会再来。越往下越是机会（201,03-16
$腾讯控股(HK|00700)$别高兴，明天还会低开的。晚上美股就大跌了。,03-16
$腾讯控股(HK|00700)$再跌再加，还跌卖房，,03-16
又埋一批抄底的,03-16
这是有什么暗号和美团都是涨7.45[想一下],03-16
$腾讯控股(HK|00700)$明天继续跳水[惊讶],03-16
大家不要怕珍惜350以下的腾讯,03-16
游戏315：1年近60场官司，玩家都在为“什么”起诉游戏公司？,03-16
北京游中互娱信息科技有限公司,03-16
$腾讯控股(HK|00700)$老段是越跌越高兴,03-16
$腾讯控股(HK|00700)$请问大家1月20的除净日3月卖了还有股息拿吗？,03-16
腾讯不比这货香吗,03-16
能参与港股的散户，资金都应该不小了，怎么就这格局？,03-16
送的京东股票呢？,03-16
再忍几天发完财报，腾2亿继续,03-16
$腾讯控股(HK|00700)$今天你能红盘收市，就算你厉害,03-16
起码可以跌到20,03-16
$腾讯控股(HK|00700)$腾讯300抄底！,03-16
别人恐惧我贪婪，抄底腾讯，不到400不出,03-16
啊腾啊,03-16
马哥回购的？,03-16
喊话的没几个好货,03-16
爆买416亿！低吸腾讯美团 大行喊出“超配中国”,03-16
$腾讯控股(HK|00700)$抄了大底，理由很简单，恒生跌到15年熊市的位置了,03-16
$腾讯控股(HK|00700)$完了，散户都不团结的,03-16
$腾讯控股(HK|00700)$垃圾走势，说不定今天还能回到300,03-16
$腾讯控股(HK|00700)$年报出来会拉到400,03-16
$腾讯控股(HK|00700)$没想到能在300左右买腾讯，之前400就心动了，,03-16
三块钱时没法买。,03-16
名字里有巴菲俩字的都来了吧,03-16
$腾讯控股(HK|00700)$仓位你说了算，上个月满仓，现在已经是五层了，再跌,03-16
北向资金不流出了，难道是没有筹码了？？？,03-16
跌20个点今天回6个点？搞笑,03-16
腾讯控股。持有的华南城01668需要抄底目标位20元。,03-16
极度超卖后反弹，留意法兴恒指牛58902/购11228/熊58823、美团购29628,03-16
深圳市智信智诚投资咨询有限公司,03-16
今天要是绿了，就太狠了,03-16
$腾讯控股(HK|00700)$因为外资高人一等，必须拉高给他们跑[大笑],03-16
$腾讯控股(HK|00700)$腾讯的套路就是开盘即巅峰，收盘变狗熊。,03-16
$腾讯控股(HK|00700)$腾讯的套路就是开盘即巅峰，收盘变狗熊。,03-16
腾讯控股(00700.HK)午后跌超5%,03-16
强烈谴责恶意做空龙头腾讯控股的投资机构。这个影响太大了，毫无技术分析,03-16
$腾讯控股(HK|00700)$抖音强势来袭，护城河有些守不住，下跌趋势没有变,03-16
马腾哥，有个好办法哈。假设一个场景，这股要20港元以下，黑人就全部出完了。马腾哥,03-16
知名投资者段永平表示要卖苹果买腾讯,03-16
$腾讯控股(HK|00700)$要珍惜320的麻花，敢敢买[笑哭],03-16
你抄底，它抄家,03-16
$腾讯控股(HK|00700)$300港币不会再出现了！,03-16
近百家港股公司密集回购传递信心,03-16
嘉实基金管理有限公司,03-16
$腾讯控股(HK|00700)$空头在回补仓位，拉起来,03-16
公司越大越好吗？,03-16
职业交易员 阿尔法书院创始人,03-16
$腾讯控股(HK|00700)$马上开通港股账号支持一下,03-16
下来吧,03-16
A股买茅台，港股买腾讯,03-16
$腾讯控股(HK|00700)$赶紧跑吧，每一次上涨都是为了跑,03-16
$腾讯控股(HK|00700)$长期看空，短期情绪面可以逐步割肉减仓。,03-16
腾讯庞大的体型，绑着十亿人的流量呢，早晚是起来的，,03-16
在反弹时候抛出，腾讯股票有高点就抛。,03-16
$腾讯控股(HK|00700)$高开低走,03-16
极端看空腾讯。要创新低去的。,03-16
$腾讯控股(HK|00700)$一日游啊，下跌趋势图继续！,03-16
假设一个场景，这股要20港元以下，黑人就全部出完了。马腾一统江山，首富是必须的哈,03-16
$腾讯控股(HK|00700)$今天继续300以下，我不是看空，但明显没跌到地方,03-16
$腾讯控股(HK|00700)$缓一天，跌势继续,03-16
$腾讯控股(HK|00700)$反攻开始,03-16
下来吧，阿讯，外面全是空头,03-16
抄底了,03-16
"替外资继续接盘，今天下跌三个点和美股ADR一样,继续放量",03-16
今天适合做T。冲高后卖出，受国际影响腾讯必破200,03-16
$腾讯控股(HK|00700)$别天天宣导段，要跌还的跌，要不今天来个20Cm涨,03-16
腾讯控股至少百元以下,03-16
腾讯阿里下跌，博窝轮反弹的两大误区,03-16
$腾讯控股(HK|00700)$你东哥涨了12%弟弟,03-16
A股估值重回历史低位，港股多次上演绝境逢生,03-16
天弘基金管理有限公司,03-16
纳指涨近3%，热门中概强势回血，中国资产突然暴涨，机构火线点评,03-16
超级巴飞特自媒体平台,03-16
大家小心，这吧里一直有人在吹什么段总。越是说到他，越是不用相信。就好比缅甸地区的,03-16
龙虎榜：2家机尾盘狂拉兰卫医学  2机构2.82亿追高中国医药,03-16
"2022年3月15日：一天亏损95,629.10元。破单日亏损记录；累计亏损45",03-16
活埋段永平,03-16
大家小心，这吧里一直有人在吹什么段总。越是说到他，越是不用相信。就好比缅甸地区的,03-16
$腾讯控股(HK|00700)$今天腾讯控股要爆发上涨百分之10,03-16
4天跌幅22.6%，这开盘有点捉急,03-16
$腾讯控股(HK|00700)$今天能不能抄底,03-16
纳指涨近3%，热门中概强势回血，中国资产突然暴涨，机构火线点评,03-16
近百家港股公司密集回购传递信心,03-16
天弘基金管理有限公司,03-16
腾讯没有垄断地位和技术壁垒,03-16
粉单参考意义大吗？中概大涨为何腾讯粉单还是绿的,03-16
纳指涨近3%，热门中概强势回血，中国资产突然暴涨，机构火线点评,03-16
华宝基金管理有限公司,03-16
$腾讯控股(HK|00700)$哈哈哈哈,03-16
$腾讯控股(HK|00700)$底部放量,03-16
中概股受重挫后，南向资金能止港股跌势吗？,03-16
龙虎榜：张盟主、炒股养家小仓位介入浙江建投  赵老哥布局电子证件和数字经济,03-16
$腾讯控股(HK|00700)$腾讯竟然比2020初美国见底时还低，应该可以干了,03-16
腾讯，你真的要奔向250？,03-16
港股已经进入白银时代，大部分投资者都倒在抄底的路上,03-15
审计难题遇曙光！中概互联美股反弹！我们该如何操作？,03-15
$腾讯控股(HK|00700)$今天大涨,03-15
$腾讯控股(HK|00700)$差不多到底了，再跌也最多跌到250左右。,03-15
独角兽早报|高瓴否认亏损超300亿美元遭清算；金山云宣布计划探索在香港上市；段永平表示要卖苹果买腾讯,03-15
独立财经观察员,03-15
$腾讯控股(HK|00700)$今天可以涨10个点了！中概股大涨了,03-15
棋到中盘方知险！中概互联的这盘残局如何破解？,03-15
华尔街见闻基金分析师,03-15
南向资金今日净买入93.84亿港元 大幅净买入腾讯控股57.44亿,03-15
腾讯如果跌到150有多少人能够扛得住,03-15
$腾讯控股(HK|00700)$$药明生物(HK|02269)$$世茂集团(HK,03-15
"$腾讯控股(HK|00700)$331差不多了,空方子弹快打完了[吃瓜]",03-15
$腾讯控股(HK|00700)$750跌倒100吧哈哈,03-15
港股收评｜恒指大跌4.97% 恒生科技指数跌11.03% 回港中概股集体重挫,03-15
港股也在踩踏！阿里和腾讯再度暴跌,03-15
反攻旗手,03-15
腾讯明天又完蛋了，真是雪上加霜，至少跌5个点,03-15
"今天亏63,925.84元，截至3月14日收盘，累计亏损361,832.28元。",03-15
扶不上墙就扶你,03-15
腾讯控股,03-15
互联网公司中，只有腾讯出现诱空信号,03-16
$腾讯控股(HK|00700)$做游戏的没好下场的,03-16
$腾讯控股(HK|00700)$还是那句话，不怕你跌，就怕你不跌[兴奋],03-15
墨菲定律又显灵了；认错反省，锁仓休息,03-15
咨询工程师（投资）、注册城乡规划师,03-15
$腾讯控股(HK|00700)$6年的工资，来啊，空们，就不给你筹码,03-15
$腾讯控股(HK|00700)$来啊，空狗们，就不给你筹码。,03-15
$腾讯控股(HK|00700)$段老板跪求散户接盘,03-15
这谁看不心动我有钱我也开始布局了,03-15
被深埋了,03-15
$腾讯控股(HK|00700)$当股价和业绩，各走各的轨道的时候，后期的烦心事就,03-15
跌到100元可以建仓了,03-15
如果腾讯跌到150有多少人能扛得住,03-15
$腾讯控股(HK|00700)$继续诅咒腾讯，坑我游戏，我祝你亏大钱,03-15
为什么不买阿里巴巴？它跌的更狠！,03-15
拼命吆喝，肯定还要跌。,03-15
转发,03-15
$腾讯控股(HK|00700)$深不见底的腾讯加仓？覆巢之下复有完乎,03-15
腾讯控股尾盘跳水 跌幅扩大至10%,03-15
$腾讯控股(HK|00700)$我准备站街卖鸟加仓滴滴。,03-15
播种的乐趣――2022年3月15日股市收评,03-15
$腾讯控股(HK|00700)$干嘛不回购？,03-15
到底怎么了！来吧各位抱一下亏了多少钱,03-15
$淮北矿业(SH600985)$$融创中国(HK|01918)$$雾芯科技(NY,03-15
港股收评｜恒生指数跌5.72% 南向资金尾盘逆势加仓达100亿港元,03-15
我是腾讯老股东了持有10年之久每个月都会买入点点只买不卖到今天已经3万多股成本价,03-15
跌的好！天天圈钱，只有销售没有售后,03-15
315，股民基民权益由谁保护？！,03-15
这成交量今天有多少人扛不住交出去了筹码,03-15
$腾讯控股(HK|00700)$目标股价100,03-15
$腾讯控股(HK|00700)$东8时区时间10.30,03-15
$腾讯控股(HK|00700)$泡沫股，又一个平安保险,03-15
个人认为还得跌教育行业一纸红文能干掉新东方！也会废掉游戏公司，但这个市值真的太高,03-15
腾讯还需要再跌10%才有支撑，但估值还是太高,03-15
杀疯了！腾讯罕见闪崩10% 港股大跌千点！外资净卖出近150亿！,03-15
$腾讯控股(HK|00700)$高点下来最少腰斩两次，立帖为证,03-15
腾讯明天去270了,03-15
$腾讯控股(HK|00700)$一半再一半，这是熊市抄底铁律！铁律！,03-15
$腾讯控股(HK|00700)$会跌倒150吗？,03-15
“中国巴菲特”段永平又要来抄底腾讯了！港股和中概股抛售快见底了吗？,03-15
还有大跌,03-15
股灾，何时见底？,03-15
北向资金净流出160.2亿冲上历史第三！,03-15
腾讯跌破300港元！段永平：不等了！卖苹果、卖伯克希尔，“抄底”腾讯！,03-15
深圳益正金融服务有限公司,03-15
详解腾讯各事业群裁员情况 比例没有网传30%那么高,03-15
跌麻了，得支棱起来啊~,03-15
腾讯一度跌超8% 网传大规模裁员要来了？摩根大通下调目标价,03-15
珍惜200以上的腾讯下个月铁定跌破200,03-15
可以抄底了,03-15
大股东套现1000亿到现在跌一半了吧,03-15
不要听他说了什么，要看他做了什么。真赚钱时都是悄悄的进村，打枪的不要。,03-15
$腾讯控股(HK|00700)$腾讯要跌到180吗？[呲牙],03-15
$腾讯控股(HK|00700)$后面买150左右的腾讯不香吗？,03-15
$腾讯控股(HK|00700)$腾讯这价格，五倍股是不是有的搞[旺柴],03-15
无差别下跌？我们该怎么办？,03-15
跌到两位数需要几天呢！,03-15
恐慌制造机会，段永平要减仓“伯克希尔”转买腾讯，类似2014年茅台机会出现？,03-15
北京融联信息传播有限公司,03-15
100以下才踏实买!,03-15
腾讯护城河已破，不再具备寡头优势了，能破万亿以上估值的，必须具备寡头优势或是潜质,03-15
爱奇艺只有160亿市值？龚伟博士，给句话，可以抄底没有？,03-15
180再抄底,03-15
$腾讯控股(HK|00700)$会破净值吗跌得那么凶？,03-15
$腾讯控股(HK|00700)$放量下跌的威力。上一次放巨量下跌是2021年4月,03-15
还没摆进柜台，集采就来了！新冠自测还有多大降价空间？,03-15
用在腾讯股价也不例外！,03-15
游戏日报：腾讯股价跌破300港元；汤姆猫回应被工信部通报,03-15
北京游中互娱信息科技有限公司,03-15
高瓴最新持仓，已经亏惨,03-15
175―190附近，就可以买了，别问为什么。,03-15
每次段要买的时候，股价还会暴跌，等下周跌到240.00再说,03-15
$腾讯控股(HK|00700)$悔不当初啊，我亏的好惨，去年30w了，家人们，你,03-15
$腾讯控股(HK|00700)$总有一天，南山必胜客会有负增长,03-15
段永平再度发声,03-15
富国基金管理有限公司,03-15
$腾讯控股(HK|00700)$跌的鹅妈都不认识他了,03-15
遭外资重锤啊，外资跑完会不会跌到300,03-15
$腾讯控股(HK|00700)$腾讯无了,03-15
了,03-15
$腾讯控股(HK|00700)$看到150元,03-15
$腾讯控股(HK|00700)$299入了一万股底仓，明天若大跌入二万股,03-15
【券商聚焦】摩通普降中国互联网股至“减持”评级 指诸多不确定性令其股价承压,03-15
深圳市融聚汇信息科技有限公司,03-15
$腾讯控股(HK|00700)$250见底,03-15
一家没什么科技含量的公司跌到28港元才是合理的,03-15
目标价100。,03-15
250见,03-15
注册制，嗨翻了。,03-15
30元不能再多了[大笑][大笑][大笑],03-15
人家哪个大佬抄底会告诉你们？别傻了。。。[大笑],03-15
港股遭遇史上猛烈抛售潮？港股股灾真来了吗？,03-15
唐书房买了，,03-15
$腾讯控股(HK|00700)$腾讯有难，八方点赞！继续跌，越跌越开心(^^),03-15
跌的好,03-15
今天跌到300元,03-15
$腾讯控股(HK|00700)$跌到200满仓,03-15
腾讯是真惨，内外夹击,03-15
坑害青少年的公司早就该关门了,03-15
今天抄底的人不少啊。,03-15
目标10元，,03-15
$腾讯控股(HK|00700)$有没有王者上星的，十块钱一颗，赚钱补仓,03-15
$腾讯控股(HK|00700)$今日建仓了,03-15
惊呆！指数一天跌11%，什么情况？,03-15
上海美宁计算机软件有限公司,03-15
腾讯控股今天暴跌了10.49%，昨天跌了9.79%，也即是说两天时间腾讯就跌没了,03-15
腾讯控股今天暴跌了10.49%，昨天跌了9.79%，也即是说两天时间腾讯就跌没了,03-15
50港币，我买200股,03-15
$腾讯控股(HK|00700)$重仓40手，层本348，今天割肉了，再见了。,03-15
$腾讯控股(HK|00700)$2年后我抄段子的底。50元等待中…能模盘不跌就不,03-15
3.14晚评：谁是幕后黑手！,03-15
知名投资者段永平表示要卖苹果 加仓腾讯,03-15
破300了，不知道要到哪里？430的本何时能回本。,03-15
$腾讯控股(HK|00700)$200以下买500股留给小孩，到他们成家时看看有,03-15
聊聊中概股上-花店不开了，花继续开,03-15
段某和我是邻居，他这次买了腾讯1000股，你们细品吧,03-15
腾讯怎么不回购呢？,03-15
【腾讯控股获南向资金净买入57亿港元】南向资金今日净买入93.85亿港元。腾讯控,03-15
北京鞭牛互动科技有限公司,03-15
腾讯这个价位怎么不回购呢？,03-15
498怎么回本家人们,03-15
腾讯控股连续6天获南向资金净买入,03-15
珍惜300以上的腾讯[吃瓜],03-15
$腾讯控股(HK|00700)$跌倒2块我买10万,03-15
这是要跌成银行股了[想一下],03-15
$腾讯控股(HK|00700)$腾讯年报赶紧出来吧，然后继续回购股票，加大力度。,03-15
腾讯要跌多久，我看我们不要做决定。过去是由游资，以后是基金，或者是将来的什么主力,03-15
现在这个行情段永平拿50个亿出来托市都不行的,03-15
中概股连续破位大跌之时 “中国巴菲特”准备卖伯克希尔抄底腾讯,03-15
“黑色星期一”！A股2万亿市值灰飞烟灭！恒指暴跌5% 腾讯罕见闪崩10%,03-15
腾讯跌破300港元！段永平：不等了！卖苹果、卖伯克希尔，“抄底”腾讯！,03-15
《中国基金报》社有限公司,03-15
哈哈，死都不知如何死的！！！！,03-15
$腾讯控股(HK|00700)$多跌点，越跌越买，这可是鹅厂[旺柴],03-15
$腾讯控股(HK|00700)$强烈要求把微信图标改成红色把风水改一改吃不消,03-15
腾讯控股跌近10% 市值自高点蒸发上万亿,03-15
市场宽幅调整，中概股重新出发,03-15
$腾讯控股(HK|00700)$市盈率12，净资产收益率16.6％，市销率4.2,03-15
还得跌一百点,03-15
段永平给你们信心了吗[笑哭]段永平买来当股权，你们买来做投资的。他钱多根本不在乎,03-15
不到一年时间，跌没了一个茅台,03-15
港股史上最猛烈的抛售潮因何引发？ 何时可“接飞刀”？【火线解读】,03-15
摩根士丹利华鑫基金管理有限公司,03-15
全是梦,03-15
今日A股继续大跌159点，太罕见了，当前散户应该如何应对？,03-15
抄底！,03-15
$腾讯控股(HK|00700)$不要急。还有一段坡路呢,03-15
$腾讯控股(HK|00700)$至少要跌到260左右区域，骑驴看唱本走着瞧,03-15
持仓更新，为什么腾讯低于3000块不卖,03-15
$腾讯控股(HK|00700)$疼讯自信点股价向阿里巴巴看齐！,03-15
鹅场变鸟场[捂脸],03-15
我为你买单了,03-15
曾经的王者，混到如此地步,03-15
是不是今晚3.15晚会，有腾讯的份？,03-15
$腾讯控股(HK|00700)$腾讯,03-15
李嘉诚是回来抄底的,03-15
今天315,03-15
$腾讯控股(HK|00700)$加完息到250块一下我看你服不服,03-15
好,03-15
$腾讯控股(HK|00700)$再跌一半，跌到工商银行的估值。,03-15
$腾讯控股(HK|00700)$腾讯牛啊[滴汗],03-15
$腾讯控股(HK|00700)$不要相信专家，没到抄底的时候，空方占绝对优势！！,03-15
摩根大通削腾讯控股目标价53.5%至265港元降至“减持”评级凤凰网财经综合03,03-15
A股：市场的最低点在哪里？,03-15
$腾讯控股(HK|00700)$跌到200就是捡钱现在长线也是捡钱,03-15
腾讯派发的股京东集团A类普通股，在香港直接开户的内地股民（不通过沪港通开户）账户,03-15
破200美元还是有可能的,03-15
快腰斩了[吃瓜],03-15
阿里巴巴(09988.HK)午后跌超10%，续刷股价历史新低,03-15
$腾讯控股(HK|00700)$$港股通互联网ETF(SZ159792)$$恒生,03-15
大盘即将考验3000点大关！在这最后的紧要关口，乐观点看？悲观点看？,03-15
$腾讯控股(HK|00700)$之前一直鼓吹外资在买，然后A股走出了自己的风采，,03-15
$腾讯控股(HK|00700)$段永平大师，可以买吗？买吗？买吗？？？,03-15
$腾讯控股(HK|00700)$今天早盘又加了点腾讯，不知道对错，很纠结。后来看,03-15
投资反思录：投资要认识人性，不能太超前！,03-15
财经自媒体,03-15
从吊打工行，到被工行吊打！记住，只有行稳致远！没有一招飞天！,03-15
说几句，给各位做个心理按摩！,03-15
$腾讯控股(HK|00700)$欢迎段永平出来走一圈,03-15
$腾讯控股(HK|00700)$考验信仰的时候到了！,03-15
$腾讯控股(HK|00700)$珍惜250港元的腾讯,03-15
$腾讯控股(HK|00700)$珍惜300元的腾讯，因为明天就到200了[吃瓜],03-15
$腾讯控股(HK|00700)$留还是跑,03-15
$腾讯控股(HK|00700)$来嘛，抄底,03-15
再跌九个百分之二十可抄底！,03-15
$腾讯控股(HK|00700)$今天我又抄到了半山腰,03-15
请珍惜300块的腾讯。,03-15
$腾讯控股(HK|00700)$报名了没人一个哈根达斯。今天做空大赚。明天不做了,03-15
$腾讯控股(HK|00700)$回购,03-15
游戏概念,03-15
段永平再发声：卖苹果(AAPL.US)买腾讯(00700),03-15
$腾讯控股(HK|00700)$目标价！,03-15
$腾讯控股(HK|00700)$预计到250止跌[笑哭],03-15
$腾讯控股(HK|00700)$腰斩再腰斩，还早呢！,03-15
为了腾讯，我再买俩皮肤,03-15
$腾讯控股(HK|00700)$弟兄们200我就接盘！！！,03-15
都走，让我一个人静静！,03-15
今天我，寒夜里看雪飘过…,03-15
腾讯各事业群裁员比例没有网传30%那么高,03-15
嘉实基金管理有限公司,03-15
赌国运,03-15
$腾讯控股(HK|00700)$南下资金全军覆没！,03-15
被外资恶意做空的港股，离真正的底部还有多远？,03-15
这场面像罚200亿了,03-15
$腾讯控股(HK|00700)$腾讯有利空，不信的可以去看露头外网,03-15
纯阳的500万实盘日记，2022.03.09今日战况:-71300，目前总收益:,03-15
参考茅台两万亿市值，腾讯2.8万亿还是太高了，茅台可能会跌到一万亿，而腾讯最多1,03-15
之前一直以为400是底没想到打7折了……,03-15
150左右，极端到120。可以买入。按现在底部股票的估值。假如业绩没有下滑的情况,03-15
$腾讯控股(HK|00700)$开心不散户们。都说了要继续做空。你们还抄了。25,03-15
《2022年政府工作报告》十次提到养老关键词，未来养老如何尽早规划？,03-15
底部在250元，不急，继续等,03-15
珍惜300的腾讯,03-15
腾讯跌了这么多，把这个鞋买了，腾讯的人都害惨了，其实股市就是这样，如果你真的想抄,03-15
$腾讯控股(HK|00700)$看什么时候跌倒我买的起就买一手，没办法，剩不到两,03-15
$腾讯控股(HK|00700)$迟早要还,03-15
接吗？,03-15
$腾讯控股(HK|00700)$按跌掉百分之九十的算法，底在75块。,03-15
段永平要加仓了，大家让让,03-15
港股从不是温室里的花朵，多次上演绝境逢生,03-15
基金研究达人,03-15
努力啊，今天先跌破300再说！！,03-15
3.38一9.75一18.55一32.05一73.07177.28一231.98,03-15
#比惨大会迎“外籍”选手：谁敢比我惨？#【如果回到20年前，你敢抄底网易吗？】2,03-15
190元＿200元可以长期投资吗？老师们讨论一下。,03-15
$腾讯控股(HK|00700)$亏了50万[可怜],03-15
白天跌完晚上跌！港股和A股下跌的原因找到了,03-15
$腾讯控股(HK|00700)$继续加仓。到200我就满仓,03-15
这类公司前几年靠买买买实现营收与利润增加，一旦行情逆转，这些买来的东西将有不道多,03-15
$腾讯控股(HK|00700)$崩盘了，逃离现场。,03-15
中概持续性大跌,03-15
必看，准备调整估值标准,03-15
知名基金自媒体,03-15
200来抄底,03-15
腾讯，我看不起你，没有担当的公司。我亲身经历，在微信小程序里买到假货后，系统承诺,03-15
给我来个298滴,03-15
能力决定未来暴发户难成大事,03-15
很开心。我没买腾讯股票，我买a股，两只股票也就跌了4个点。,03-15
不能造芯片，不能造发动机，勉强靠小孩的压岁钱维持生活，这样的公司有前途吗[大笑],03-15
$腾讯控股(HK|00700)$好好珍惜300腾讯，以后都看不到了。先200再1,03-15
哈哈，挤泡泡开始喽！！！！,03-15
好一个自己打压互联网，这下人家真打压你了，几十年的jj毁于某些人手中,03-15
中概股光剩点小灵头了，港股不能学坏啊,03-15
$腾讯控股(HK|00700)$决定拼一把，另外一套房子押了两百多万，再加上原来,03-15
大股东减持也快了吧？,03-15
务必回复！要求杜绝酒桌文化 实习生和腾讯总裁的对话火了,03-15
$腾讯控股(HK|00700)$500买，破了300，亏了200。,03-15
250进军,03-15
我觉得200以下才是价值投资[偷笑],03-15
$药明生物(HK|02269)$还未到最困难的，最恐慌的时候，如果你割都懒得割了,03-15
$腾讯控股(HK|00700)$底是差不多了，但是人性和情绪不好说,03-15
$腾讯控股(HK|00700)$多空大战，惨烈！,03-15
腾讯合理价格在170块，阿里巴巴在45美元左右。,03-15
$腾讯控股(HK|00700)$腾讯在100元左右会算合理价格，目前还是高估了！,03-15
$腾讯控股(HK|00700)$终于止跌了，呀，原来4点了,03-15
2块,03-15
想要买鹅厂股票首先要认清一点，鹅厂主要收益由哪些组成，那些收益是否能够长久稳定？,03-15
$腾讯控股(HK|00700)$互联网企业已经完成了使命了，段永平肯定会被埋的，,03-15
腾讯控股尾盘跌超10% 跌破300港元关口,03-15
$腾讯控股(HK|00700)$真奔250去了。,03-15
中国在整顿互联网游戏电商主播,03-15
坐等破百后，可入场收尸了！[鼓掌],03-15
好等我去助香港一比之力,03-15
珍惜400港元的腾讯？段永平不孤单 海外第三、第四大中国股票基金“抄底”来了,03-15
$腾讯控股(HK|00700)$这些天南下资金出动了几百亿资金去买港股，结果全被,03-15
20附近来抄底,03-15
目前的价格，三年以后至少三倍。只要不卖，它跌到多少和你无关！,03-15
慢慢跌，离他的成本还远!希望到70,03-15
注意一下中信里昂，做空腾讯和青山控股都有它的影子，最大的家贼。,03-15
能到250吗？,03-15
$腾讯控股(HK|00700)$那个每天晒图晒照片留两个络腮胡的小胖子呢，怎么没,03-15
$腾讯控股(HK|00700)$这是底吗？我们佛塔知道,03-15
$腾讯控股(HK|00700)$300收官,03-15
这种人公开买腾讯，目的不纯，人家都是闷声发大财，这货到处吆喝，就是忽悠去接盘。3,03-15
$腾讯控股(HK|00700)$骗不到孩子的钱了，自然该跳水！国家网信办：网络游,03-15
香港恒生指数开盘跌3.07% 腾讯控股跌超8%,03-15
干到250,03-15
302进了,03-15
那么马化腾身价今天缩水多少？,03-15
200抄底,03-15
$腾讯控股(HK|00700)$再跌屏幕都没有了,03-15
段哥先把我的东方通拉起来,03-15
比较稳，每天都是10个点。,03-15
$腾讯控股(HK|00700)$米国佬你有本事来个一天跌五六十吧看你就没有这个胆,03-15
$腾讯控股(HK|00700)$跌倒270再买，然后,03-15
$腾讯控股(HK|00700)$十天前给腾讯估值290，现在下调估值180！,03-15
$腾讯控股(HK|00700)$哎呦喂，看来底还木有成型呐。看空下套200大洋应,03-15
$腾讯控股(HK|00700)$跌倒270再买，然后,03-15
没办法，内外都重拳出击,03-15
目标256不变！,03-15
$腾讯控股(HK|00700)$这周是不是腾讯历史上最惨的,03-15
不用挣扎了，300港元肯定破，今天不破明天破,03-15
$腾讯控股(HK|00700)$如此下跌，越来越让人兴奋[旺柴],03-15
遍地黄金！！只要仓位不重，现在是建仓的好机会，指数3000点建30%，2800点,03-15
$腾讯控股(HK|00700)$这么牛逼的公司，跌成这样,03-15
上午320卖了一笔，本以为卖的位置不太好[偷笑],03-15
$腾讯控股(HK|00700)$跌破300,03-15
港股互联网板块经历惊魂一小时板块巨震9%，目标ETF换手率达35%,03-15
华宝基金管理有限公司,03-15
$腾讯控股(HK|00700)$便宜啊，可惜子弹已经打光了，只能望股兴叹！,03-15
解铃还得系玲人，现在只有zc可以救，zc利好轧空做空！腾讯在a股500都不一定看,03-15
$腾讯控股(HK|00700)$在洗做空，国内资金也跟着打压，恶心不？,03-15
换手率太低，没到底,03-15
$腾讯控股(HK|00700)$如此大的成交量？谁在买买买？,03-15
80块卖房子抄底,03-15
$腾讯控股(HK|00700)$买单全是内资,03-15
$腾讯控股(HK|00700)$挺住，300保卫战，坚定做多中国！生活费加一手,03-15
腾仔你这是干什么？太客气了吧！,03-15
192,03-15
$腾讯控股(HK|00700)$两点半了，应该表现了,03-15
前几天不是还有大佬喊话说要珍惜400块钱的腾讯呢，这几天怎么不继续喊珍惜300块,03-15
“中国巴菲特”段永平称将卖苹果买腾讯,03-15
$腾讯控股(HK|00700)$还是涨点波，小的也跌[捂脸][捂脸],03-15
$腾讯控股(HK|00700)$买了一点,03-15
$腾讯控股(HK|00700)$allin速度,03-15
熊途慢慢玩吧,03-15
[为什么]游戏公司，你也有今天，跌破200再说,03-15
腾讯史诗级跌停板[滴汗],03-15
$腾讯控股(HK|00700)$帮你们找一下大底吧，260块慢慢等。,03-15
请珍惜300的腾讯，不然就买不到300的了那样只能买200的[捂脸][捂脸],03-15
一天跌30，还有10天跌没了,03-15
腾讯破300，大盘破3000。,03-15
$腾讯控股(HK|00700)$苹果贵腾讯也贵，长期看苹果没有腾讯值钱。,03-15
除以十，基本会下跌到75。,03-15
$腾讯控股(HK|00700)$继续加仓。相信段永平，相信马化腾。,03-15
子弹快打光了,03-15
加仓腾讯！,03-15
$腾讯控股(HK|00700)$这时候应该大基金抄底，600块钱腾讯抢着买，现在,03-15
明天暴跌20%,03-15
$腾讯控股(HK|00700)$299还不见底我都不信了，明天大A暴涨！[上涨],03-15
再跌15%开始买，抄底段永平,03-15
人家在做空我们了,03-15
苹果才多少钱一斤，要卖多少啊,03-15
腾讯今天放量了,03-15
想买，账户钱不够，港股通没起来,03-15
300这个底还是很硬的，不能破,03-15
$腾讯控股(HK|00700)$腾讯最好一次性跌到五十左右，省得害人！,03-15
你是真牛逼,03-15
要珍惜300元的腾讯，好久都会看不到了,03-15
$腾讯控股(HK|00700)$腾讯跌到这个市值，是以前从不敢想象的，把钱都投入,03-15
$腾讯控股(HK|00700)$腾讯跌到这个市值，是以前从不敢想象的，把钱都投入,03-15
$腾讯控股(HK|00700)$外资凤了,03-15
300已经到位了，开始抄底,03-15
空狗让你们爆仓,03-15
破了700过后就是破了300，下面就是破100了。到十元就可以抄底了,03-15
$腾讯控股(HK|00700)$不管了，买入,03-15
不是硬着陆，也不是软着陆，是脸着陆啊,03-15
$腾讯控股(HK|00700)$爽不，说了要下一百！,03-15
$腾讯控股(HK|00700)$200梭哈,03-15
$腾讯控股(HK|00700)$大熊从你刚开始,03-15
从今天开始，本人开始融券做空。,03-15
开始建仓[大笑]先搞10w块钱的[大笑],03-15
300没保住,03-15
480抄底的[大哭],03-15
$腾讯控股(HK|00700)$240的时候加仓,03-15
$腾讯控股(HK|00700)$见证历史,03-15
上午差点抄底了,03-15
霸气。。,03-15
$腾讯控股(HK|00700)$我太年轻了……这远远不是底,03-15
$腾讯控股(HK|00700)$腾讯不值得再配置了。国内不代见。,03-15
要引发系统性风险了,03-15
潘多拉魔盒已经打开[惨!关灯吃面][惨!关灯吃面][惨!关灯吃面],03-15
$腾讯控股(HK|00700)$跌吧，祸害精快点最好这一个小时跌到200,03-15
参考茅台两万亿市值，腾讯2.8万亿还是太高了，茅台可能会跌到一万亿，而腾讯最多1,03-15
$腾讯控股(HK|00700)$这几天恒生指数的下跌应该可以载入史册了吧,03-15
$腾讯控股(HK|00700)$400元的腾讯要珍惜……300元的腾讯要珍惜……,03-15
距离200的目标不远，下周应该可以到位[胜利][胜利],03-15
$腾讯控股(HK|00700)$现在腾讯到底适不适合抄底,03-15
$腾讯控股(HK|00700)$珍惜300块的腾讯.......以后再也见不到了,03-15
今天要到288,03-15
可以抄底了,03-15
跌惨了！,03-15
我擦，小段要发大财，天天捡股票,03-15
$腾讯控股(HK|00700)$摩根和高盛在卖，国内在买，摩根和高盛是美联储背后,03-15
就这样一天10个点，停好,03-15
腾讯控股崩盘，中概股到底怎么了？,03-15
100-150等你，把老夫亏惨,03-15
今天上午还有抢反弹的，绿油油的韭菜割起来好爽[兴奋][兴奋],03-15
真是活久见了,03-15
$腾讯控股(HK|00700)$总有一种感觉腾讯要破300,03-15
要全部爆仓了。,03-15
港元险了，股票上的钱出来兑美元要跑路！,03-15
亏26W多割肉了，等150再回来，亏得心里承受不起了！,03-15
买。,03-15
$腾讯控股(HK|00700)$真tm罕见的下跌,03-15
$腾讯控股(HK|00700)$跌出了,03-15
终于下300了。,03-15
准备拿三年，反正买的不多，再跌加仓了,03-15
$腾讯控股(HK|00700)$最后一块遮羞布都没了,03-15
$腾讯控股(HK|00700)$几百万一秒的跳啊！希望自己能尽快赚有10秒这样的,03-15
$腾讯控股(HK|00700)$终于看到200内的腾讯了,03-15
快买，目标价1000,03-15
腾讯控股股价触及300港元,03-15
$腾讯控股(HK|00700)$到底怎么了，这是断头杀呀！,03-15
$腾讯控股(HK|00700)$段永平又在喊韭菜接盘了,03-15
没办我认为300的心理线已经洞穿，200会是强支撑,03-15
老夫一直在说，底部在250元，别急着抄底,03-15
$腾讯控股(HK|00700)$顶不住了，抓紧卖吧，昨天美团尾盘就是这样，挂10,03-15
$腾讯控股(HK|00700)$心态有点崩了，不看了，跌去吧,03-15
$腾讯控股(HK|00700)$加速下跌,03-15
如今的互联老早就和之前不同，特别有港股属性的恒生互联网ETF513330注定长线,03-15
300压力位的时代要来了[奸笑],03-15
$腾讯控股(HK|00700)$吗的，幸好昨天尾盘竞价跑了！,03-15
崩了,03-15
$腾讯控股(HK|00700)$300块88万护盘哥,03-15
$腾讯控股(HK|00700)$深不可测[滴汗],03-15
$腾讯控股(HK|00700)$何时是头啊？,03-15
$腾讯控股(HK|00700)$外资真有那么多砸盘的筹码吗？？？？,03-15
好家伙从400到三百，只用了一个星期,03-15
$腾讯控股(HK|00700)$有一说一，裁员对职工是利空，对股东算利好吧？30,03-15
给股民一条活路吧,03-15
抄底啊，固定收益8%,03-15
摩根犬，高位喊多，低位喊空，是为了配合华尔街多空单，是标志事件。,03-15
今天放出这么大的量，卖的多买的也多,03-15
3月16日，晚会结束，首次加息，第一个介入点。,03-15
腾讯这架势，搞不好两百了,03-15
珍惜三百多的腾讯，因为马上两百多了,03-15
港股通放松到10万元,03-15
五天30个点,03-15
$腾讯控股(HK|00700)$不用救了的，已经没了,03-15
企鹅300的价值要远超茅台！,03-15
段永平喊你来接盘00700腾讯控股了！！！,03-15
$腾讯控股(HK|00700)$这么牛？你是在学乐视网吗,03-15
$腾讯控股(HK|00700)$哈哈哈哈哈，好家伙，都到300了，把我跌兴奋了,03-15
二百五见,03-15
* 腾讯盘中跌超8%，段永平表示要卖苹果加仓,03-15
北京凯金阿尔法科技有限责任公司,03-15
段永平呢？继续补仓呀！你不有的是钱么,03-15
$腾讯控股(HK|00700)$请珍惜300的腾讯,03-15
感觉要退？,03-15
$腾讯控股(HK|00700)$决战时刻！！！不要怂,03-15
$腾讯控股(HK|00700)$破二百元，没了游戏的利润,03-15
$腾讯控股(HK|00700)$，每次投进去都亏本，气死我了,03-15
300保卫战，最后的长城不能破！！,03-15
$腾讯控股(HK|00700)$310加[滴汗]破300再加了，有点怂了[捂脸],03-15
$腾讯控股(HK|00700)$全是机构在买卖散户就看着,03-15
NICE,03-15
【长信30天短债】市场频震荡，来点投资小确幸,03-15
长信基金管理有限责任公司,03-15
$腾讯控股(HK|00700)$跌破了烂底u也无力反弹[哭]走得快好世界,03-15
买方卖方是一家，这是什么回事，请教大家,03-15
港股互联网板块经历惊魂一小时板块巨震9%，目标ETF换手率达35%,03-15
超级巴飞特自媒体平台,03-15
$腾讯控股(HK|00700)$希望越大失望越大,03-15
断永平2018年买入价格250，没有想到马上就回来了，哈哈哈哈哈,03-15
不装逼了,03-15
早上翻红不卖真,03-15
早上翻红不卖真,03-15
冲鸭，不买白不买[大笑],03-15
假大空，跌到5元,03-15
企鹅不香了么？大家不用微信了么？王者也不荣耀了？,03-15
连续暴跌刚刚开始,03-15
$腾讯控股(HK|00700)$一锤定音,03-15
两个周把一年的盈利清零，牛！,03-15
$腾讯控股(HK|00700)$腾讯终有一天跌99%剩下1元,03-15
$腾讯控股(HK|00700)$明天准备吃～20厘米的大面吧,03-15
$腾讯控股(HK|00700)$互联网公司野蛮生长的时代已经过去了，还要下跌,03-15
保卫战,03-15
$腾讯控股(HK|00700)$扶不起就不要扶,03-15
恶意砸盘的人露出来了,03-15
喊段永平来抄底啦,03-15
一场游戏一场梦，一场梦来一场空！,03-15
腾讯控股获南向资金连续6天净买入,03-15
估计要跌到245以下，太惨了[哭],03-15
果然如逾期要到300了，预言250会有反弹，大家拭目以待,03-15
$腾讯控股(HK|00700)$南向资金，不要浪费基民的钱,03-15
不错,03-15
港股互联网板块经历惊魂一小时板块巨震9%，目标ETF换手率达35%,03-15
估计这一波到二百七二百八左右,03-15
光让驴拉磨不给驴吃料，不要打压了来点实质性利好,03-15
$腾讯控股(HK|00700)$还有谁不服，来抄底,03-15
光让驴拉磨不给驴吃料，不要打压了来点实质性利好,03-15
$腾讯控股(HK|00700)$3.11,03-15
清仓逃命………真怕今天来个-12.5%,03-15
只能清仓逃命了…………,03-15
$腾讯控股(HK|00700)$千年等一回[鼓掌][鼓掌],03-15
$腾讯控股(HK|00700)$那么高的市值真正套现的话也套不到多少钱，市值不等,03-15
$腾讯控股(HK|00700)$摩根给出目标价260,03-15
每次危机都是不最先出招化解,03-15
鹅厂变成了鸟厂  把我跌没了,03-15
"腾讯跌超8%,逼近300港元关口，摩根减持，段永平却卖苹果加仓腾讯",03-15
3.15没人敢涨,03-15
$腾讯控股(HK|00700)$我做不到卖出市盈率14倍的腾讯！,03-15
$腾讯控股(HK|00700)$当时462元买入，486元没卖，后来460.8卖,03-15
$腾讯控股(HK|00700)$可惜腾讯不能回购，要不股价不会现在这个样子，他有,03-15
$腾讯控股(HK|00700)$很好，跌倒50元以下才是她的价格,03-15
能破300吗,03-15
$腾讯控股(HK|00700)$当年基金去抢定价权，哈哈哈哈哈,03-15
跌破净资产再说,03-15
努力跌啊！！跌破100,03-15
$腾讯控股(HK|00700)$311买到了我心心念念的大鹅[兴奋],03-15
2022年见证诸多历史,03-15
国有化是中概股的唯一出路,03-15
$腾讯控股(HK|00700)$你牛阿,03-15
$腾讯控股(HK|00700)$今日3.15,03-15
$腾讯控股(HK|00700)$段哥，救我[],03-15
$腾讯控股(HK|00700)$高小毕业生能懂经济吗？,03-15
一个靠山塞发家和持续的公司值多少钱？,03-15
有预谋,03-15
要抄底，没额度,03-15
$腾讯控股(HK|00700)$空头厉害啊，唉,03-15
$腾讯控股(HK|00700)$珍惜300多的腾讯吧，明天就200多了,03-15
$腾讯控股(HK|00700)$有排跌，至少跌到200,03-15
$腾讯控股(HK|00700)$逻辑变了，现在一年能赚两千多亿，过两年可能只给赚,03-15
下午爆锤,03-15
腾讯是不是被错杀的一点点看法,03-15
$腾讯控股(HK|00700)$段永平出来走两步,03-15
股票下跌50％怎么办？巴菲特告诉你如何应对暴跌（视频）,03-15
买一万恒生互联ETF都亏了两三千了。。,03-15
$腾讯控股(HK|00700)$大姥们：QE会不会跌到壹佰陆呀…到时候我买点儿,03-15
这里差不多了,03-15
$腾讯控股(HK|00700)$大姥们：QE会不会跌到壹佰陆呀…到时候我买点儿,03-15
腾讯2030年到期、票息2.39％的美元债利差扩大15个基点,03-15
$腾讯控股(HK|00700)$今天腾讯估值强势破三万亿。,03-15
段永平被套了,03-15
$腾讯控股(HK|00700)$阿里跌去75%，腾讯才跌多少，补跌是不可避免的,03-15
$腾讯控股(HK|00700)$禁止未成年人玩手游,03-15
$腾讯控股(HK|00700)$再过两天就会有一则消息，李嘉诚携2000亿现金抄,03-15
请问下：段永平段总，，昨天补了没？？,03-15
腾讯控股见底了，可以抄底了,03-15
$腾讯控股(HK|00700)$拿家伙抄底呀，我已经在480抄顶了,03-15
沽空,03-15
下一波国家大赛道，在制造业，互联网不是大赛道了,03-15
腾讯300保卫战，这不是底。。雪莱特摘帽国药50亿定单4亿定增！深圳高新投入驻注,03-15
$腾讯控股(HK|00700)$下午破300,03-15
$腾讯控股(HK|00700)$像这种垃圾尽然还有人买进？,03-15
这时候，不是堵的时候，是赌的时候,03-15
多空交战激烈呀，半天的时间快赶上昨天一天的成交量了，早上空头猛烈进攻，多头负隅顽,03-15
$腾讯控股(HK|00700)$跌倒闭好了！反正腾讯也是害小孩的公司！,03-15
目标200元,03-15
$腾讯控股(HK|00700)$中概股没有一家好人，最终被割，太动人了。,03-15
$腾讯控股(HK|00700)$腾讯在回购股票,03-15
两天时间，跌破十几个点，要不要人活啦,03-15
$腾讯控股(HK|00700)$最牛逼的排名第一的港股跌成这个衰样？大家猜猜什么,03-15
没见回购,03-15
和在美中概股走势一某一样,03-15
2265-280企稳，你必须和阿里跌幅一样。,03-15
好家伙，再跌下去就比不上茅台了,03-15
$腾讯控股(HK|00700)$有钱人，还敢把资金和资产转移到欧美吗？鹅是前车之,03-15
$腾讯控股(HK|00700)$跌到净资产再建仓吧！,03-15
$腾讯控股(HK|00700)$751.14/2=375.57/2=187.78,03-15
$腾讯控股(HK|00700)$腾讯还是应该回归大A！,03-15
250见底！大道无形还得继续抄底,03-15
亏26万，割了.好股高价格。但超出我的承受能力了！股权投资和现金就有3万亿，不在相信价值投资了，只玩技术和短线,03-15
加油顶起吧，港股全靠你了,03-15
$腾讯控股(HK|00700)$留着养老。,03-15
$腾讯控股(HK|00700)$如果能看那些证券公司卖和买？请教,03-15
$腾讯控股(HK|00700)$最后一周的抄底时间，大家看情况吧，周末公布了年报,03-15
$腾讯控股(HK|00700)$南非报业好厉害，去年搞点精准减持。,03-15
小腾被定点搞了,03-15
$腾讯控股(HK|00700)$港股流动性出现问题，国家资金也进不去，年报发布关,03-15
$腾讯控股(HK|00700)$300保卫战，300以下机会肯定有,03-15
今天破280,03-15
$腾讯控股(HK|00700)$刚刚不挺牛13的吗,03-15
保守估计再跌80%就差不多了[奸笑],03-15
$腾讯控股(HK|00700)$市值再跌一半，因为。因为你大股东是外国人。,03-15
今天没人发言了？下午大概率去到8个点,03-15
5天亏了22个点比a股狠多了,03-15
$腾讯控股(HK|00700)$太难了,03-15
别逞强，该下还是得下,03-15
$腾讯控股(HK|00700)$3万亿的盘子可以跟300亿的盘子一样，大起大落,03-15
中概里的大毒瘤,03-15
$腾讯控股(HK|00700)$300是铁底，350可以加仓了，15倍市盈率，捡,03-15
今天是在吸引抄底资金接盘,03-15
没有什么国家队。不过是你们自己在努力罢了～,03-15
$腾讯控股(HK|00700)$说好的回购呢？[哭],03-15
从哪来回哪去,03-15
今天应该算是阶段底部了吧,03-15
$腾讯控股(HK|00700)$疫情都在宿舍玩王者[想一下],03-15
$腾讯控股(HK|00700)$腾讯补跌是一定的，大家做好准备,03-15
毒瘤，大垃圾,03-15
$腾讯控股(HK|00700)$这个量能太恐怖了,03-15
750买的腾讯涉涉发抖,03-15
$腾讯控股(HK|00700)$昨天尾盘是咋回事？16:08分买了330万手，也,03-15
亏26W走了，超出我心理承受能力了，非常看好这股，股权投资就有3万亿，这种跌法，想不通！,03-15
一帮呆B有屁颠屁颠进去抄底了,03-15
乌拉,03-15
一帮呆B有屁颠屁颠进去抄底了,03-15
开盘没忍住加了一把，请高人指点卖出时机[加油]，今天卖还是留着过夜？,03-15
$腾讯控股(HK|00700)$钓鱼走法，收盘跳水！,03-15
$腾讯控股(HK|00700)$筑底开始,03-15
亲爱的大鹅，我在250等你，不见不散哦！,03-15
建议再等等入场估计还得磨一磨,03-15
$腾讯控股(HK|00700)$珍惜3字头的腾讯吧，再不珍惜就2字头了,03-15
$腾讯控股(HK|00700)$还是空头占上风,03-15
$腾讯控股(HK|00700)$中概股已经跌到极致，不能再做空了，腾讯还不醒悟，,03-15
$腾讯控股(HK|00700)$国家有自己的战略，现在外资出的差不多了，价格也下,03-15
美联储计划17号开会加息，加息的核弹要到了，到时候就要全部芭比Q了，完了！港股的外资都疯狂跑路,03-15
中概互联暴跌！机构却在加仓！说明什么？,03-15
$腾讯控股(HK|00700)$我爱你,03-15
美团、快手冲涨5%港股互联网大幅走强翻红，此前一度跌逾7%,03-15
超级巴飞特自媒体平台,03-15
止跌了,03-15
毒瘤,03-15
美团、快手冲涨5%港股互联网大幅走强翻红，此前一度跌逾7%,03-15
$腾讯控股(HK|00700)$打爆空头,03-15
[看多],03-15
美团、快手冲涨5%港股互联网大幅走强翻红，此前一度跌逾7%,03-15
华宝基金管理有限公司,03-15
物极必反,03-15
加油！,03-15
打爆空头,03-15
有多少出多少，夜里美股，又要跌了。所以，需要保存实力的,03-15
中国加油,03-15
还是腾讯抗跌啊,03-15
$腾讯控股(HK|00700)$1个小时成交130亿,03-15
$腾讯控股(HK|00700)$老段出手了,03-15
$腾讯控股(HK|00700)$中国基民的钱被基金公司大量购买腾讯控股了，基民损,03-15
$腾讯控股(HK|00700)$在决战了，祖国加油,03-15
$腾讯控股(HK|00700)$20倍以内都值得买,03-15
死垃圾,03-15
$腾讯控股(HK|00700)$中国加油,03-15
垃圾又要带崩恒生科技,03-15
这还跌起来没完了？直接退市不就得了也省的麻烦了！,03-15
还装呢,03-15
220等你,03-15
下午跌15个点,03-15
垃圾,03-15
$腾讯控股(HK|00700)$这一波空头赚了砸下来买了很多,03-15
$腾讯控股(HK|00700)$5＿8倍市盈率才合理！,03-15
真撑不住了，亏26W走了，破100再回来吧,03-15
$腾讯控股(HK|00700)$空头不回补还券麽？,03-15
$腾讯控股(HK|00700)$这一波空头赚了砸下来买了很多,03-15
$腾讯控股(HK|00700)$继续砸啊，跌破300我就买,03-15
，赶紧起来,03-15
$腾讯控股(HK|00700)$没有游戏这个点，腾讯50元都不值,03-15
反杀,03-15
$腾讯控股(HK|00700)$几十年过去了，还是任人宰割,03-15
$腾讯控股(HK|00700)$估计救市资金进了,03-15
$腾讯控股(HK|00700)$250啊，啥时候来？,03-15
卸载微信差不多一个月了，刚开始确实有点不习惯,03-15
$腾讯控股(HK|00700)$大家都赎回基金！让这些鸡精经理喝西北风去,03-15
真系300的腾讯吧，因为很快就可能到200了,03-15
买入加一层,03-15
$腾讯控股(HK|00700)$春天正是吃韭菜的时节，嫩嫩的，我妈说晚上吃韭菜饺,03-15
$腾讯控股(HK|00700)$白菜价，百年难遇,03-15
$腾讯控股(HK|00700)$希望小马哥承诺年报后回购,03-15
牛逼,03-15
亏了一半了，舒服，再补一倍仓是不是成本就低很多了？,03-15
接着奏乐接着砸,03-15
